date,prize_type,number
2023-10-01,Starter,6515
2023-10-01,Starter,4474
2023-10-01,Consolation,9775
2023-10-01,3rd,6145
2023-10-01,2nd,7214
2023-10-01,1st,8084
2023-10-01,Consolation,4012
2023-10-01,Consolation,9738
2023-10-01,Starter,4756
2023-10-01,Starter,1724
2023-10-01,Starter,1450
2023-10-01,Consolation,6813
2023-10-01,Starter,6530
2023-10-01,Consolation,5095
2023-10-01,Consolation,6280
2023-10-01,Starter,8701
2023-10-01,Starter,7658
2023-10-01,Starter,7639
2023-10-01,Consolation,8915
2023-10-01,Consolation,3715
2023-10-01,Consolation,5144
2023-10-01,Starter,7950
2023-10-01,Consolation,5727
2023-10-04,Consolation,6961
2023-10-04,Consolation,3843
2023-10-04,2nd,3507
2023-10-04,Starter,6810
2023-10-04,Starter,6351
2023-10-04,1st,2352
2023-10-04,Starter,2477
2023-10-04,Consolation,6207
2023-10-04,3rd,2446
2023-10-04,Starter,8780
2023-10-04,Consolation,9059
2023-10-04,Starter,6947
2023-10-04,Starter,0051
2023-10-04,Starter,7547
2023-10-04,Starter,7205
2023-10-04,Consolation,0277
2023-10-04,Consolation,5790
2023-10-04,Consolation,7549
2023-10-04,Starter,8183
2023-10-04,Starter,7828
2023-10-04,Consolation,0623
2023-10-04,Consolation,9491
2023-10-04,Consolation,6192
2023-10-07,Starter,0835
2023-10-07,Starter,6334
2023-10-07,Starter,2750
2023-10-07,Starter,2196
2023-10-07,3rd,8794
2023-10-07,Starter,5581
2023-10-07,Consolation,2477
2023-10-07,Consolation,8280
2023-10-07,2nd,2897
2023-10-07,1st,4900
2023-10-07,Starter,4090
2023-10-07,Consolation,2439
2023-10-07,Starter,0084
2023-10-07,Consolation,6582
2023-10-07,Consolation,1684
2023-10-07,Consolation,5880
2023-10-07,Consolation,1629
2023-10-07,Consolation,8636
2023-10-07,Starter,5910
2023-10-07,Starter,9985
2023-10-07,Consolation,4112
2023-10-07,Consolation,3769
2023-10-07,Starter,9226
2023-10-08,Consolation,5650
2023-10-08,3rd,7870
2023-10-08,2nd,2636
2023-10-08,Starter,7079
2023-10-08,Starter,3876
2023-10-08,Consolation,7029
2023-10-08,Consolation,5880
2023-10-08,Consolation,2491
2023-10-08,Consolation,0473
2023-10-08,Starter,0716
2023-10-08,Starter,7721
2023-10-08,Starter,4864
2023-10-08,Starter,4037
2023-10-08,Consolation,3446
2023-10-08,Starter,1433
2023-10-08,Consolation,2177
2023-10-08,Consolation,5312
2023-10-08,1st,2444
2023-10-08,Consolation,6494
2023-10-08,Consolation,4888
2023-10-08,Starter,7807
2023-10-08,Starter,8515
2023-10-08,Starter,6578
2023-10-11,Consolation,7811
2023-10-11,Consolation,3310
2023-10-11,Consolation,3168
2023-10-11,2nd,5668
2023-10-11,Consolation,1172
2023-10-11,Starter,5277
2023-10-11,1st,7359
2023-10-11,Starter,6071
2023-10-11,Starter,5646
2023-10-11,3rd,1310
2023-10-11,Starter,2770
2023-10-11,Starter,4184
2023-10-11,Consolation,2074
2023-10-11,Starter,0834
2023-10-11,Consolation,6276
2023-10-11,Starter,7939
2023-10-11,Consolation,2250
2023-10-11,Starter,4450
2023-10-11,Starter,7467
2023-10-11,Consolation,5579
2023-10-11,Consolation,4021
2023-10-11,Consolation,1163
2023-10-11,Starter,9325
2023-10-14,3rd,6195
2023-10-14,2nd,4819
2023-10-14,1st,0371
2023-10-14,Starter,2740
2023-10-14,Starter,8788
2023-10-14,Starter,2317
2023-10-14,Starter,0083
2023-10-14,Consolation,8962
2023-10-14,Starter,8040
2023-10-14,Consolation,9314
2023-10-14,Starter,4591
2023-10-14,Starter,8485
2023-10-14,Starter,0007
2023-10-14,Consolation,7008
2023-10-14,Consolation,2451
2023-10-14,Consolation,2508
2023-10-14,Consolation,7481
2023-10-14,Consolation,7082
2023-10-14,Consolation,8305
2023-10-14,Starter,8396
2023-10-14,Consolation,3324
2023-10-14,Starter,6892
2023-10-14,Consolation,0137
2023-10-15,Consolation,1885
2023-10-15,Consolation,0946
2023-10-15,Consolation,0339
2023-10-15,Consolation,0061
2023-10-15,Starter,3470
2023-10-15,Consolation,8479
2023-10-15,Consolation,6671
2023-10-15,Consolation,4973
2023-10-15,Consolation,3779
2023-10-15,Starter,3373
2023-10-15,Consolation,2598
2023-10-15,Starter,8476
2023-10-15,2nd,8936
2023-10-15,1st,9007
2023-10-15,Starter,5481
2023-10-15,Starter,4009
2023-10-15,Consolation,0058
2023-10-15,Starter,3999
2023-10-15,Starter,6885
2023-10-15,Starter,6771
2023-10-15,Starter,5542
2023-10-15,3rd,2054
2023-10-15,Starter,3469
2023-10-18,Starter,6053
2023-10-18,Consolation,7506
2023-10-18,3rd,9548
2023-10-18,2nd,3199
2023-10-18,1st,4196
2023-10-18,Starter,4075
2023-10-18,Starter,8059
2023-10-18,Starter,0466
2023-10-18,Consolation,0714
2023-10-18,Consolation,9917
2023-10-18,Starter,2432
2023-10-18,Consolation,2020
2023-10-18,Starter,6790
2023-10-18,Consolation,8044
2023-10-18,Consolation,9412
2023-10-18,Consolation,3465
2023-10-18,Consolation,3163
2023-10-18,Consolation,9071
2023-10-18,Starter,1781
2023-10-18,Starter,4152
2023-10-18,Consolation,7344
2023-10-18,Starter,4795
2023-10-18,Starter,5219
2023-10-21,Starter,4616
2023-10-21,Starter,4579
2023-10-21,Starter,1882
2023-10-21,Starter,0977
2023-10-21,Consolation,4778
2023-10-21,Consolation,5185
2023-10-21,1st,5854
2023-10-21,Starter,5330
2023-10-21,Starter,5747
2023-10-21,Starter,6497
2023-10-21,Consolation,0959
2023-10-21,3rd,6018
2023-10-21,Consolation,8955
2023-10-21,Consolation,8901
2023-10-21,Consolation,6895
2023-10-21,Consolation,6000
2023-10-21,Consolation,9359
2023-10-21,Starter,7818
2023-10-21,Starter,4810
2023-10-21,Consolation,4210
2023-10-21,Consolation,5867
2023-10-21,2nd,4693
2023-10-21,Starter,6163
2023-10-22,Starter,1683
2023-10-22,Starter,1753
2023-10-22,Starter,5219
2023-10-22,Starter,6151
2023-10-22,1st,2392
2023-10-22,2nd,1312
2023-10-22,3rd,1787
2023-10-22,Consolation,8698
2023-10-22,Consolation,8462
2023-10-22,Starter,0547
2023-10-22,Starter,7776
2023-10-22,Starter,9690
2023-10-22,Consolation,9551
2023-10-22,Consolation,1589
2023-10-22,Consolation,0263
2023-10-22,Consolation,3695
2023-10-22,Consolation,6724
2023-10-22,Consolation,7344
2023-10-22,Starter,3524
2023-10-22,Consolation,9921
2023-10-22,Starter,8545
2023-10-22,Starter,0312
2023-10-22,Consolation,9958
2023-10-25,3rd,8318
2023-10-25,2nd,6887
2023-10-25,1st,0629
2023-10-25,Consolation,4295
2023-10-25,Starter,5936
2023-10-25,Consolation,9397
2023-10-25,Consolation,7400
2023-10-25,Consolation,7140
2023-10-25,Consolation,7904
2023-10-25,Starter,2512
2023-10-25,Consolation,0791
2023-10-25,Starter,6480
2023-10-25,Consolation,4582
2023-10-25,Consolation,2632
2023-10-25,Starter,0877
2023-10-25,Starter,1005
2023-10-25,Starter,4710
2023-10-25,Consolation,3949
2023-10-25,Starter,0249
2023-10-25,Starter,4879
2023-10-25,Starter,4993
2023-10-25,Starter,5797
2023-10-25,Consolation,0202
2023-10-28,Starter,8076
2023-10-28,Starter,9378
2023-10-28,Starter,2529
2023-10-28,Consolation,7099
2023-10-28,Consolation,2956
2023-10-28,2nd,3500
2023-10-28,3rd,2040
2023-10-28,Consolation,9652
2023-10-28,Consolation,1827
2023-10-28,Consolation,6422
2023-10-28,Starter,6120
2023-10-28,Consolation,3988
2023-10-28,Consolation,5707
2023-10-28,Consolation,3192
2023-10-28,Starter,0205
2023-10-28,Starter,9258
2023-10-28,Starter,0887
2023-10-28,Consolation,9648
2023-10-28,Starter,7923
2023-10-28,1st,8382
2023-10-28,Starter,3937
2023-10-28,Starter,3726
2023-10-28,Consolation,5395
2023-10-29,Starter,6826
2023-10-29,Starter,7407
2023-10-29,Starter,3866
2023-10-29,Consolation,3764
2023-10-29,Starter,3027
2023-10-29,Consolation,6006
2023-10-29,Consolation,1742
2023-10-29,Starter,9558
2023-10-29,Consolation,6977
2023-10-29,Starter,0576
2023-10-29,Starter,5238
2023-10-29,Consolation,1405
2023-10-29,Starter,5073
2023-10-29,Consolation,8942
2023-10-29,Consolation,4980
2023-10-29,Starter,9812
2023-10-29,Consolation,0036
2023-10-29,2nd,9297
2023-10-29,1st,4186
2023-10-29,Consolation,0071
2023-10-29,3rd,9527
2023-10-29,Starter,6222
2023-10-29,Consolation,5918
2023-11-01,Starter,8268
2023-11-01,Starter,3625
2023-11-01,Consolation,8957
2023-11-01,Starter,4436
2023-11-01,1st,3065
2023-11-01,Starter,5633
2023-11-01,2nd,6615
2023-11-01,3rd,4090
2023-11-01,Consolation,8213
2023-11-01,Starter,7593
2023-11-01,Starter,2844
2023-11-01,Starter,5952
2023-11-01,Consolation,5098
2023-11-01,Consolation,5562
2023-11-01,Consolation,6671
2023-11-01,Consolation,8468
2023-11-01,Consolation,8623
2023-11-01,Consolation,9546
2023-11-01,Starter,4958
2023-11-01,Starter,8163
2023-11-01,Consolation,9804
2023-11-01,Starter,8601
2023-11-01,Consolation,1861
2023-11-04,Consolation,2560
2023-11-04,3rd,8721
2023-11-04,Starter,8363
2023-11-04,Starter,7869
2023-11-04,Consolation,1747
2023-11-04,1st,1080
2023-11-04,Starter,6485
2023-11-04,Starter,8730
2023-11-04,Starter,2265
2023-11-04,Starter,0659
2023-11-04,Consolation,3203
2023-11-04,Consolation,7329
2023-11-04,Consolation,1980
2023-11-04,Starter,2245
2023-11-04,Consolation,4332
2023-11-04,Consolation,8565
2023-11-04,Starter,6632
2023-11-04,Consolation,1868
2023-11-04,Consolation,3370
2023-11-04,Starter,9138
2023-11-04,Starter,4617
2023-11-04,Consolation,7000
2023-11-04,2nd,8084
2023-11-05,3rd,0067
2023-11-05,2nd,0134
2023-11-05,1st,8855
2023-11-05,Consolation,6451
2023-11-05,Starter,4279
2023-11-05,Starter,4719
2023-11-05,Consolation,8775
2023-11-05,Consolation,5141
2023-11-05,Consolation,8309
2023-11-05,Consolation,0831
2023-11-05,Consolation,4043
2023-11-05,Consolation,3011
2023-11-05,Consolation,3598
2023-11-05,Starter,9790
2023-11-05,Starter,7832
2023-11-05,Starter,6944
2023-11-05,Starter,5966
2023-11-05,Consolation,2135
2023-11-05,Consolation,3739
2023-11-05,Starter,2496
2023-11-05,Starter,9532
2023-11-05,Starter,9421
2023-11-05,Starter,6249
2023-11-08,Starter,0920
2023-11-08,Starter,0961
2023-11-08,Starter,1024
2023-11-08,Starter,1120
2023-11-08,Consolation,7216
2023-11-08,Consolation,7639
2023-11-08,Consolation,9890
2023-11-08,Starter,5544
2023-11-08,1st,7232
2023-11-08,Starter,8101
2023-11-08,Consolation,6334
2023-11-08,Starter,6108
2023-11-08,Starter,2543
2023-11-08,Starter,9688
2023-11-08,Consolation,1914
2023-11-08,Consolation,2588
2023-11-08,Consolation,4934
2023-11-08,2nd,6268
2023-11-08,Starter,7860
2023-11-08,Consolation,9575
2023-11-08,Consolation,1407
2023-11-08,Consolation,7818
2023-11-08,3rd,4169
2023-11-11,3rd,5347
2023-11-11,1st,4076
2023-11-11,2nd,5934
2023-11-11,Consolation,3630
2023-11-11,Consolation,4601
2023-11-11,Starter,3092
2023-11-11,Starter,5552
2023-11-11,Starter,6983
2023-11-11,Starter,7809
2023-11-11,Consolation,9734
2023-11-11,Consolation,3329
2023-11-11,Consolation,1009
2023-11-11,Consolation,1742
2023-11-11,Starter,4974
2023-11-11,Consolation,7910
2023-11-11,Starter,0059
2023-11-11,Consolation,7918
2023-11-11,Starter,3190
2023-11-11,Starter,0732
2023-11-11,Starter,7968
2023-11-11,Starter,2561
2023-11-11,Consolation,2683
2023-11-11,Consolation,3756
2023-11-12,1st,4102
2023-11-12,Starter,6333
2023-11-12,Starter,5820
2023-11-12,Consolation,9597
2023-11-12,Starter,6615
2023-11-12,Starter,0221
2023-11-12,Consolation,9139
2023-11-12,3rd,3333
2023-11-12,Starter,5825
2023-11-12,Starter,1647
2023-11-12,2nd,5310
2023-11-12,Consolation,6862
2023-11-12,Consolation,2178
2023-11-12,Consolation,9919
2023-11-12,Starter,7726
2023-11-12,Consolation,9459
2023-11-12,Starter,7272
2023-11-12,Consolation,0579
2023-11-12,Consolation,6868
2023-11-12,Consolation,1645
2023-11-12,Starter,3046
2023-11-12,Consolation,8383
2023-11-12,Starter,9372
2023-11-15,Consolation,3747
2023-11-15,1st,6416
2023-11-15,2nd,9788
2023-11-15,3rd,7647
2023-11-15,Starter,5197
2023-11-15,Starter,3645
2023-11-15,Starter,2709
2023-11-15,Starter,9252
2023-11-15,Starter,6087
2023-11-15,Starter,9346
2023-11-15,Consolation,2629
2023-11-15,Starter,8237
2023-11-15,Starter,5598
2023-11-15,Consolation,1058
2023-11-15,Consolation,0333
2023-11-15,Consolation,1746
2023-11-15,Starter,0302
2023-11-15,Consolation,0924
2023-11-15,Consolation,5786
2023-11-15,Consolation,5890
2023-11-15,Consolation,0468
2023-11-15,Consolation,8408
2023-11-15,Starter,5098
2023-11-18,Starter,9162
2023-11-18,Consolation,3670
2023-11-18,Consolation,5053
2023-11-18,Consolation,2766
2023-11-18,Starter,2089
2023-11-18,Starter,6375
2023-11-18,Starter,6404
2023-11-18,Starter,6407
2023-11-18,Starter,8921
2023-11-18,Starter,9278
2023-11-18,Consolation,5075
2023-11-18,Consolation,8587
2023-11-18,Consolation,0665
2023-11-18,Starter,3933
2023-11-18,Starter,9978
2023-11-18,Starter,8248
2023-11-18,1st,9479
2023-11-18,3rd,2403
2023-11-18,Consolation,8465
2023-11-18,Consolation,6937
2023-11-18,Consolation,5537
2023-11-18,Consolation,8765
2023-11-18,2nd,4759
2023-11-19,Consolation,2937
2023-11-19,Starter,1248
2023-11-19,Starter,1685
2023-11-19,Consolation,1677
2023-11-19,1st,5650
2023-11-19,Starter,9579
2023-11-19,Consolation,2325
2023-11-19,Starter,1991
2023-11-19,Starter,3211
2023-11-19,Consolation,6586
2023-11-19,2nd,3746
2023-11-19,Starter,8506
2023-11-19,Consolation,9342
2023-11-19,Consolation,2071
2023-11-19,Starter,9357
2023-11-19,Starter,5943
2023-11-19,Consolation,1317
2023-11-19,3rd,4544
2023-11-19,Consolation,6460
2023-11-19,Consolation,3969
2023-11-19,Consolation,3276
2023-11-19,Starter,1037
2023-11-19,Starter,7605
2023-11-22,Consolation,1991
2023-11-22,Starter,6165
2023-11-22,Starter,0875
2023-11-22,Starter,6299
2023-11-22,Starter,7349
2023-11-22,Consolation,1936
2023-11-22,Consolation,8335
2023-11-22,3rd,7226
2023-11-22,2nd,7436
2023-11-22,1st,5183
2023-11-22,Consolation,8810
2023-11-22,Consolation,7766
2023-11-22,Starter,3541
2023-11-22,Starter,9038
2023-11-22,Starter,6041
2023-11-22,Starter,8661
2023-11-22,Consolation,3226
2023-11-22,Consolation,2291
2023-11-22,Starter,3912
2023-11-22,Consolation,8137
2023-11-22,Consolation,7342
2023-11-22,Starter,5617
2023-11-22,Consolation,7512
2023-11-25,Consolation,1256
2023-11-25,Starter,5590
2023-11-25,Consolation,8628
2023-11-25,Consolation,7712
2023-11-25,Starter,0713
2023-11-25,Starter,1010
2023-11-25,Starter,2035
2023-11-25,Starter,3059
2023-11-25,Starter,4206
2023-11-25,1st,8082
2023-11-25,Consolation,6323
2023-11-25,Starter,7459
2023-11-25,Consolation,7575
2023-11-25,Starter,8007
2023-11-25,Consolation,2132
2023-11-25,Consolation,3170
2023-11-25,Consolation,3574
2023-11-25,Consolation,4639
2023-11-25,Consolation,6198
2023-11-25,3rd,1800
2023-11-25,2nd,9953
2023-11-25,Starter,9530
2023-11-25,Starter,7004
2023-11-26,Consolation,7107
2023-11-26,Consolation,4576
2023-11-26,Consolation,7295
2023-11-26,Consolation,1042
2023-11-26,3rd,7927
2023-11-26,1st,8400
2023-11-26,Consolation,3414
2023-11-26,Consolation,4259
2023-11-26,Starter,9299
2023-11-26,Consolation,5318
2023-11-26,Starter,7793
2023-11-26,Consolation,2234
2023-11-26,Starter,1182
2023-11-26,Starter,5965
2023-11-26,Starter,2916
2023-11-26,Starter,6588
2023-11-26,Starter,7828
2023-11-26,2nd,7511
2023-11-26,Consolation,1677
2023-11-26,Starter,2036
2023-11-26,Starter,2223
2023-11-26,Starter,4529
2023-11-26,Consolation,2172
2023-11-29,Consolation,0678
2023-11-29,3rd,3664
2023-11-29,2nd,5960
2023-11-29,1st,9335
2023-11-29,Starter,1020
2023-11-29,Starter,8311
2023-11-29,Starter,9903
2023-11-29,Starter,4802
2023-11-29,Starter,3365
2023-11-29,Consolation,1830
2023-11-29,Starter,2972
2023-11-29,Starter,1526
2023-11-29,Starter,9344
2023-11-29,Consolation,7819
2023-11-29,Consolation,2136
2023-11-29,Consolation,7250
2023-11-29,Starter,9763
2023-11-29,Consolation,4586
2023-11-29,Consolation,5592
2023-11-29,Consolation,4687
2023-11-29,Consolation,0842
2023-11-29,Consolation,9072
2023-11-29,Starter,9811
2023-12-02,Starter,1561
2023-12-02,Starter,1380
2023-12-02,Starter,1583
2023-12-02,Starter,0416
2023-12-02,1st,4283
2023-12-02,2nd,5089
2023-12-02,3rd,0638
2023-12-02,Starter,0599
2023-12-02,Starter,3646
2023-12-02,Consolation,2577
2023-12-02,Starter,9927
2023-12-02,Consolation,1192
2023-12-02,Consolation,1994
2023-12-02,Consolation,3166
2023-12-02,Starter,1407
2023-12-02,Consolation,3654
2023-12-02,Consolation,0567
2023-12-02,Starter,0236
2023-12-02,Consolation,3579
2023-12-02,Consolation,1624
2023-12-02,Consolation,0831
2023-12-02,Consolation,5985
2023-12-02,Starter,0654
2023-12-03,Starter,6000
2023-12-03,Starter,6460
2023-12-03,Starter,0638
2023-12-03,Starter,9031
2023-12-03,Consolation,0159
2023-12-03,Starter,1254
2023-12-03,Starter,3683
2023-12-03,Starter,4064
2023-12-03,Starter,5281
2023-12-03,Starter,8368
2023-12-03,Starter,1546
2023-12-03,Consolation,6364
2023-12-03,Consolation,1039
2023-12-03,Consolation,5681
2023-12-03,Consolation,3591
2023-12-03,Consolation,3014
2023-12-03,Consolation,1968
2023-12-03,Consolation,2979
2023-12-03,3rd,4424
2023-12-03,2nd,2403
2023-12-03,1st,1934
2023-12-03,Consolation,9701
2023-12-03,Consolation,6327
2023-12-06,Consolation,6303
2023-12-06,Consolation,3797
2023-12-06,Consolation,2546
2023-12-06,Consolation,3475
2023-12-06,3rd,2140
2023-12-06,2nd,8413
2023-12-06,1st,8598
2023-12-06,Consolation,9249
2023-12-06,Starter,0649
2023-12-06,Consolation,6498
2023-12-06,Consolation,9594
2023-12-06,Consolation,9776
2023-12-06,Starter,7468
2023-12-06,Starter,5337
2023-12-06,Starter,3995
2023-12-06,Starter,2177
2023-12-06,Starter,1964
2023-12-06,Starter,9367
2023-12-06,Consolation,6507
2023-12-06,Starter,8879
2023-12-06,Starter,0273
2023-12-06,Starter,8681
2023-12-06,Consolation,6906
2023-12-09,Consolation,0363
2023-12-09,Consolation,6146
2023-12-09,2nd,5653
2023-12-09,3rd,4589
2023-12-09,1st,8019
2023-12-09,Consolation,9595
2023-12-09,Starter,9064
2023-12-09,Starter,9600
2023-12-09,Starter,1170
2023-12-09,Starter,6159
2023-12-09,Consolation,5098
2023-12-09,Starter,7516
2023-12-09,Starter,8338
2023-12-09,Starter,0296
2023-12-09,Starter,1557
2023-12-09,Consolation,8210
2023-12-09,Starter,8557
2023-12-09,Starter,0150
2023-12-09,Consolation,2428
2023-12-09,Consolation,5564
2023-12-09,Consolation,8085
2023-12-09,Consolation,9028
2023-12-09,Consolation,0568
2023-12-10,Consolation,3436
2023-12-10,Consolation,6155
2023-12-10,Consolation,9436
2023-12-10,Consolation,5067
2023-12-10,Starter,3637
2023-12-10,Starter,5514
2023-12-10,1st,3253
2023-12-10,2nd,6349
2023-12-10,3rd,3276
2023-12-10,Consolation,6514
2023-12-10,Consolation,7187
2023-12-10,Starter,7967
2023-12-10,Starter,6103
2023-12-10,Consolation,0526
2023-12-10,Starter,8040
2023-12-10,Starter,8015
2023-12-10,Starter,6191
2023-12-10,Consolation,5405
2023-12-10,Starter,4672
2023-12-10,Consolation,8154
2023-12-10,Starter,2791
2023-12-10,Starter,1213
2023-12-10,Consolation,2260
2023-12-13,1st,7089
2023-12-13,Consolation,8119
2023-12-13,Consolation,2256
2023-12-13,Consolation,8496
2023-12-13,Consolation,8524
2023-12-13,Consolation,5238
2023-12-13,Consolation,4114
2023-12-13,Consolation,5504
2023-12-13,3rd,7868
2023-12-13,2nd,0639
2023-12-13,Consolation,8996
2023-12-13,Starter,6859
2023-12-13,Starter,3933
2023-12-13,Starter,9234
2023-12-13,Starter,6411
2023-12-13,Starter,5946
2023-12-13,Starter,1668
2023-12-13,Consolation,3466
2023-12-13,Consolation,8871
2023-12-13,Starter,4057
2023-12-13,Starter,9288
2023-12-13,Starter,1043
2023-12-13,Starter,6308
2023-12-16,3rd,0660
2023-12-16,2nd,8773
2023-12-16,1st,2612
2023-12-16,Starter,2044
2023-12-16,Consolation,1254
2023-12-16,Starter,5735
2023-12-16,Starter,6908
2023-12-16,Consolation,2518
2023-12-16,Starter,3312
2023-12-16,Consolation,6006
2023-12-16,Starter,9295
2023-12-16,Starter,7685
2023-12-16,Starter,0554
2023-12-16,Consolation,8460
2023-12-16,Starter,0526
2023-12-16,Consolation,6642
2023-12-16,Consolation,0402
2023-12-16,Consolation,1650
2023-12-16,Consolation,3257
2023-12-16,Consolation,8594
2023-12-16,Consolation,2111
2023-12-16,Starter,9106
2023-12-16,Starter,4079
2023-12-17,Starter,9237
2023-12-17,Starter,6786
2023-12-17,Starter,7497
2023-12-17,Starter,0083
2023-12-17,2nd,5547
2023-12-17,3rd,0200
2023-12-17,1st,8262
2023-12-17,Starter,7618
2023-12-17,Starter,8429
2023-12-17,Starter,4636
2023-12-17,Starter,6956
2023-12-17,Starter,9341
2023-12-17,Starter,6208
2023-12-17,Consolation,8420
2023-12-17,Consolation,4664
2023-12-17,Consolation,4562
2023-12-17,Consolation,7871
2023-12-17,Consolation,3257
2023-12-17,Consolation,3909
2023-12-17,Consolation,1436
2023-12-17,Consolation,7762
2023-12-17,Consolation,5775
2023-12-17,Consolation,1307
2023-12-20,Starter,5554
2023-12-20,Starter,6122
2023-12-20,Starter,6980
2023-12-20,Starter,8473
2023-12-20,Consolation,0822
2023-12-20,Consolation,6510
2023-12-20,Starter,0186
2023-12-20,Starter,3472
2023-12-20,Consolation,8409
2023-12-20,Consolation,5101
2023-12-20,Starter,8546
2023-12-20,Consolation,8228
2023-12-20,Starter,9946
2023-12-20,Starter,0411
2023-12-20,Consolation,4548
2023-12-20,2nd,2547
2023-12-20,1st,9212
2023-12-20,Consolation,3160
2023-12-20,Consolation,8553
2023-12-20,3rd,2829
2023-12-20,Consolation,3192
2023-12-20,Consolation,3043
2023-12-20,Starter,9717
2023-12-23,Consolation,6375
2023-12-23,Consolation,8298
2023-12-23,Consolation,2960
2023-12-23,Consolation,0774
2023-12-23,Consolation,4452
2023-12-23,Consolation,4315
2023-12-23,Consolation,2178
2023-12-23,Consolation,7874
2023-12-23,Consolation,1677
2023-12-23,Consolation,1519
2023-12-23,Starter,2456
2023-12-23,Starter,4349
2023-12-23,Starter,1450
2023-12-23,Starter,2135
2023-12-23,Starter,3081
2023-12-23,Starter,3569
2023-12-23,Starter,7320
2023-12-23,Starter,8182
2023-12-23,2nd,4269
2023-12-23,1st,3020
2023-12-23,Starter,0124
2023-12-23,Starter,8941
2023-12-23,3rd,3733
2023-12-24,Starter,6277
2023-12-24,Starter,8579
2023-12-24,Starter,6210
2023-12-24,Starter,8767
2023-12-24,Starter,6647
2023-12-24,Starter,4551
2023-12-24,Starter,9303
2023-12-24,Starter,4280
2023-12-24,Starter,1986
2023-12-24,Starter,1806
2023-12-24,Consolation,7558
2023-12-24,Consolation,6859
2023-12-24,Consolation,4226
2023-12-24,Consolation,1942
2023-12-24,Consolation,1931
2023-12-24,Consolation,2645
2023-12-24,Consolation,8509
2023-12-24,Consolation,2279
2023-12-24,2nd,8877
2023-12-24,3rd,1643
2023-12-24,Consolation,2519
2023-12-24,Consolation,0778
2023-12-24,1st,1806
2023-12-27,Consolation,3015
2023-12-27,Consolation,2672
2023-12-27,Consolation,1345
2023-12-27,3rd,8707
2023-12-27,Starter,1452
2023-12-27,Starter,2390
2023-12-27,1st,1461
2023-12-27,Consolation,4787
2023-12-27,Consolation,7536
2023-12-27,Consolation,0532
2023-12-27,Consolation,8247
2023-12-27,Starter,1814
2023-12-27,Consolation,8927
2023-12-27,Starter,6584
2023-12-27,Starter,4163
2023-12-27,Starter,4151
2023-12-27,Starter,3782
2023-12-27,Consolation,7966
2023-12-27,2nd,7340
2023-12-27,Starter,1025
2023-12-27,Starter,4522
2023-12-27,Consolation,7846
2023-12-27,Starter,7880
2023-12-30,Consolation,5587
2023-12-30,Consolation,3000
2023-12-30,1st,6357
2023-12-30,2nd,4498
2023-12-30,Consolation,5774
2023-12-30,Consolation,8651
2023-12-30,Starter,1911
2023-12-30,Consolation,8511
2023-12-30,Consolation,8194
2023-12-30,Consolation,9522
2023-12-30,3rd,7815
2023-12-30,Consolation,8913
2023-12-30,Starter,9253
2023-12-30,Starter,8548
2023-12-30,Starter,6172
2023-12-30,Starter,3368
2023-12-30,Starter,2964
2023-12-30,Starter,1999
2023-12-30,Consolation,0998
2023-12-30,Starter,1109
2023-12-30,Starter,8825
2023-12-30,Starter,9404
2023-12-30,Consolation,5515
2023-12-31,3rd,9220
2023-12-31,1st,8989
2023-12-31,2nd,6055
2023-12-31,Starter,5848
2023-12-31,Consolation,8713
2023-12-31,Consolation,3904
2023-12-31,Consolation,4155
2023-12-31,Consolation,9108
2023-12-31,Consolation,3102
2023-12-31,Starter,2959
2023-12-31,Consolation,7450
2023-12-31,Starter,4056
2023-12-31,Consolation,4188
2023-12-31,Consolation,1108
2023-12-31,Starter,0223
2023-12-31,Starter,7935
2023-12-31,Starter,3884
2023-12-31,Consolation,7137
2023-12-31,Starter,7967
2023-12-31,Starter,5114
2023-12-31,Starter,2250
2023-12-31,Starter,0403
2023-12-31,Consolation,2201
2024-01-03,Consolation,1392
2024-01-03,Consolation,0777
2024-01-03,Consolation,0927
2024-01-03,Consolation,4213
2024-01-03,Consolation,7374
2024-01-03,Consolation,3067
2024-01-03,Consolation,4330
2024-01-03,Consolation,8741
2024-01-03,Consolation,8259
2024-01-03,Starter,7795
2024-01-03,Consolation,2106
2024-01-03,Starter,9398
2024-01-03,1st,2982
2024-01-03,2nd,4134
2024-01-03,Starter,5064
2024-01-03,Starter,7638
2024-01-03,Starter,5156
2024-01-03,Starter,6163
2024-01-03,Starter,2915
2024-01-03,3rd,7925
2024-01-03,Starter,0309
2024-01-03,Starter,5147
2024-01-03,Starter,9129
2024-01-06,Consolation,5344
2024-01-06,Consolation,8964
2024-01-06,Consolation,8060
2024-01-06,Consolation,7450
2024-01-06,Starter,8845
2024-01-06,Consolation,7419
2024-01-06,Consolation,0278
2024-01-06,Consolation,6587
2024-01-06,Consolation,9713
2024-01-06,Starter,7431
2024-01-06,Consolation,7845
2024-01-06,Starter,6532
2024-01-06,Starter,4464
2024-01-06,Starter,9044
2024-01-06,Starter,1705
2024-01-06,Starter,1144
2024-01-06,Starter,1868
2024-01-06,1st,9661
2024-01-06,Starter,8337
2024-01-06,Starter,9564
2024-01-06,3rd,4489
2024-01-06,2nd,8697
2024-01-06,Consolation,0528
2024-01-07,Consolation,3616
2024-01-07,Consolation,9238
2024-01-07,Starter,2438
2024-01-07,Starter,4453
2024-01-07,Consolation,8251
2024-01-07,3rd,2745
2024-01-07,2nd,4263
2024-01-07,1st,5451
2024-01-07,Consolation,7997
2024-01-07,Consolation,0822
2024-01-07,Starter,2919
2024-01-07,Starter,5660
2024-01-07,Consolation,1270
2024-01-07,Starter,9266
2024-01-07,Starter,8327
2024-01-07,Starter,7730
2024-01-07,Starter,7719
2024-01-07,Consolation,8344
2024-01-07,Starter,7938
2024-01-07,Starter,4638
2024-01-07,Consolation,6631
2024-01-07,Consolation,5134
2024-01-07,Consolation,5805
2024-01-10,Consolation,4991
2024-01-10,3rd,1491
2024-01-10,2nd,1914
2024-01-10,1st,2754
2024-01-10,Starter,6756
2024-01-10,Starter,8753
2024-01-10,Consolation,8402
2024-01-10,Consolation,6795
2024-01-10,Consolation,2698
2024-01-10,Starter,6458
2024-01-10,Consolation,9559
2024-01-10,Consolation,4222
2024-01-10,Starter,6182
2024-01-10,Starter,4728
2024-01-10,Starter,3587
2024-01-10,Starter,8456
2024-01-10,Starter,6798
2024-01-10,Starter,5223
2024-01-10,Consolation,0129
2024-01-10,Consolation,1393
2024-01-10,Consolation,1807
2024-01-10,Starter,0185
2024-01-10,Consolation,8606
2024-01-13,Consolation,4335
2024-01-13,Consolation,2697
2024-01-13,3rd,9979
2024-01-13,2nd,3902
2024-01-13,Consolation,8766
2024-01-13,Consolation,1703
2024-01-13,Starter,8547
2024-01-13,Consolation,5316
2024-01-13,Starter,4971
2024-01-13,Starter,4914
2024-01-13,Starter,5202
2024-01-13,Starter,2514
2024-01-13,Starter,2691
2024-01-13,Starter,0315
2024-01-13,Starter,3155
2024-01-13,Consolation,3697
2024-01-13,Starter,6587
2024-01-13,Starter,3687
2024-01-13,1st,6272
2024-01-13,Consolation,8558
2024-01-13,Consolation,8344
2024-01-13,Consolation,9232
2024-01-13,Consolation,1926
2024-01-14,Starter,5318
2024-01-14,Starter,6253
2024-01-14,Starter,7073
2024-01-14,Starter,8185
2024-01-14,3rd,7968
2024-01-14,2nd,1876
2024-01-14,1st,7862
2024-01-14,Starter,0626
2024-01-14,Consolation,7242
2024-01-14,Starter,5252
2024-01-14,Starter,9841
2024-01-14,Starter,6749
2024-01-14,Consolation,8165
2024-01-14,Consolation,0461
2024-01-14,Consolation,9774
2024-01-14,Consolation,8328
2024-01-14,Consolation,9779
2024-01-14,Starter,0548
2024-01-14,Consolation,3262
2024-01-14,Starter,0160
2024-01-14,Consolation,5508
2024-01-14,Consolation,0917
2024-01-14,Consolation,9309
2024-01-17,Starter,1354
2024-01-17,2nd,0223
2024-01-17,3rd,2625
2024-01-17,Consolation,1718
2024-01-17,Starter,5716
2024-01-17,Consolation,4349
2024-01-17,Consolation,0834
2024-01-17,Consolation,6025
2024-01-17,Consolation,4401
2024-01-17,Starter,7137
2024-01-17,Consolation,0999
2024-01-17,Starter,7856
2024-01-17,Consolation,4475
2024-01-17,Consolation,5562
2024-01-17,Starter,3023
2024-01-17,Starter,2814
2024-01-17,Starter,6706
2024-01-17,Consolation,5873
2024-01-17,Starter,1274
2024-01-17,Starter,0362
2024-01-17,Starter,7188
2024-01-17,1st,0344
2024-01-17,Consolation,4021
2024-01-20,Consolation,8027
2024-01-20,Consolation,9996
2024-01-20,Consolation,9742
2024-01-20,Starter,8455
2024-01-20,Consolation,4155
2024-01-20,Consolation,1302
2024-01-20,Consolation,4297
2024-01-20,Consolation,4646
2024-01-20,Consolation,1993
2024-01-20,Consolation,2568
2024-01-20,Consolation,4930
2024-01-20,Starter,7547
2024-01-20,Starter,9691
2024-01-20,Starter,1272
2024-01-20,Starter,3961
2024-01-20,Starter,7448
2024-01-20,Starter,8235
2024-01-20,Starter,7658
2024-01-20,Starter,7498
2024-01-20,3rd,4343
2024-01-20,1st,1525
2024-01-20,Starter,2462
2024-01-20,2nd,3207
2024-01-21,Starter,8629
2024-01-21,Consolation,8222
2024-01-21,Consolation,0586
2024-01-21,Consolation,0037
2024-01-21,Starter,8077
2024-01-21,Starter,8464
2024-01-21,Starter,8165
2024-01-21,Starter,5096
2024-01-21,Starter,5906
2024-01-21,Starter,8856
2024-01-21,Consolation,6076
2024-01-21,Starter,8456
2024-01-21,3rd,9382
2024-01-21,Consolation,7302
2024-01-21,Consolation,8531
2024-01-21,Consolation,6342
2024-01-21,Consolation,2698
2024-01-21,Consolation,8797
2024-01-21,2nd,4846
2024-01-21,1st,6118
2024-01-21,Starter,9497
2024-01-21,Consolation,6504
2024-01-21,Starter,0752
2024-01-24,Starter,4692
2024-01-24,Starter,0406
2024-01-24,Consolation,5627
2024-01-24,Consolation,8791
2024-01-24,Starter,6417
2024-01-24,Starter,5851
2024-01-24,1st,1634
2024-01-24,Starter,5066
2024-01-24,2nd,5936
2024-01-24,3rd,3965
2024-01-24,Consolation,6906
2024-01-24,Consolation,2512
2024-01-24,Starter,6245
2024-01-24,Starter,1821
2024-01-24,Starter,0266
2024-01-24,Consolation,3254
2024-01-24,Consolation,6775
2024-01-24,Consolation,0033
2024-01-24,Consolation,7351
2024-01-24,Starter,6493
2024-01-24,Starter,7478
2024-01-24,Consolation,6962
2024-01-24,Consolation,6527
2024-01-27,Consolation,5387
2024-01-27,3rd,8724
2024-01-27,2nd,6105
2024-01-27,1st,5166
2024-01-27,Starter,1850
2024-01-27,Consolation,4513
2024-01-27,Consolation,9682
2024-01-27,Starter,9543
2024-01-27,Consolation,6289
2024-01-27,Consolation,2529
2024-01-27,Starter,4398
2024-01-27,Consolation,8019
2024-01-27,Starter,8677
2024-01-27,Starter,7072
2024-01-27,Starter,4433
2024-01-27,Starter,6111
2024-01-27,Starter,6700
2024-01-27,Starter,2515
2024-01-27,Starter,9665
2024-01-27,Consolation,9443
2024-01-27,Consolation,8951
2024-01-27,Consolation,3768
2024-01-27,Consolation,3523
2024-01-28,Starter,1702
2024-01-28,2nd,9987
2024-01-28,1st,5756
2024-01-28,Consolation,8032
2024-01-28,3rd,7366
2024-01-28,Starter,4697
2024-01-28,Starter,4686
2024-01-28,Starter,2650
2024-01-28,Starter,9331
2024-01-28,Starter,8362
2024-01-28,Consolation,0912
2024-01-28,Starter,0103
2024-01-28,Consolation,0779
2024-01-28,Starter,7384
2024-01-28,Consolation,9956
2024-01-28,Consolation,7382
2024-01-28,Consolation,0181
2024-01-28,Consolation,3068
2024-01-28,Starter,7330
2024-01-28,Consolation,8753
2024-01-28,Consolation,7054
2024-01-28,Starter,6820
2024-01-28,Consolation,4985
2024-01-31,Consolation,7955
2024-01-31,Consolation,9371
2024-01-31,Starter,6957
2024-01-31,Starter,8365
2024-01-31,Starter,3423
2024-01-31,Consolation,2135
2024-01-31,Consolation,1766
2024-01-31,Consolation,8815
2024-01-31,Consolation,5694
2024-01-31,Starter,4821
2024-01-31,Consolation,5264
2024-01-31,Consolation,3477
2024-01-31,Consolation,5383
2024-01-31,Starter,0177
2024-01-31,Starter,3172
2024-01-31,Starter,1230
2024-01-31,Starter,5608
2024-01-31,Starter,0080
2024-01-31,1st,0394
2024-01-31,2nd,9274
2024-01-31,3rd,5623
2024-01-31,Consolation,2822
2024-01-31,Starter,7928
2024-02-03,Consolation,8271
2024-02-03,Starter,7909
2024-02-03,Starter,8352
2024-02-03,Consolation,6189
2024-02-03,Starter,1834
2024-02-03,Starter,1996
2024-02-03,Starter,9153
2024-02-03,Starter,7942
2024-02-03,Consolation,3989
2024-02-03,Starter,7019
2024-02-03,Starter,7187
2024-02-03,1st,4704
2024-02-03,Consolation,5551
2024-02-03,Consolation,4877
2024-02-03,Consolation,0136
2024-02-03,3rd,1254
2024-02-03,2nd,2409
2024-02-03,Consolation,5208
2024-02-03,Consolation,3469
2024-02-03,Consolation,7092
2024-02-03,Starter,4183
2024-02-03,Consolation,1951
2024-02-03,Starter,9373
2024-02-04,Starter,9151
2024-02-04,Starter,7142
2024-02-04,Starter,8469
2024-02-04,Consolation,3939
2024-02-04,Consolation,0946
2024-02-04,Starter,5210
2024-02-04,Consolation,7619
2024-02-04,Starter,9746
2024-02-04,Consolation,2599
2024-02-04,Consolation,3507
2024-02-04,Consolation,1185
2024-02-04,Starter,4667
2024-02-04,Consolation,6741
2024-02-04,Starter,6428
2024-02-04,Consolation,9392
2024-02-04,Starter,1422
2024-02-04,Consolation,8167
2024-02-04,Consolation,6808
2024-02-04,3rd,5333
2024-02-04,2nd,1538
2024-02-04,1st,8434
2024-02-04,Starter,1632
2024-02-04,Starter,0106
2024-02-07,Starter,0752
2024-02-07,Starter,2462
2024-02-07,Starter,3706
2024-02-07,Consolation,9601
2024-02-07,3rd,6606
2024-02-07,2nd,1564
2024-02-07,1st,0238
2024-02-07,Starter,1088
2024-02-07,Starter,4251
2024-02-07,Starter,5844
2024-02-07,Consolation,0291
2024-02-07,Consolation,8377
2024-02-07,Consolation,0170
2024-02-07,Starter,1366
2024-02-07,Consolation,2233
2024-02-07,Consolation,1450
2024-02-07,Starter,7450
2024-02-07,Consolation,6704
2024-02-07,Starter,2153
2024-02-07,Consolation,4008
2024-02-07,Consolation,4829
2024-02-07,Consolation,4149
2024-02-07,Starter,8607
2024-02-10,2nd,5731
2024-02-10,Consolation,0112
2024-02-10,Consolation,9595
2024-02-10,Consolation,1852
2024-02-10,Consolation,7088
2024-02-10,Consolation,9718
2024-02-10,Consolation,4564
2024-02-10,Consolation,5785
2024-02-10,Consolation,6685
2024-02-10,Consolation,2916
2024-02-10,Consolation,2769
2024-02-10,Starter,3662
2024-02-10,Starter,2056
2024-02-10,Starter,9231
2024-02-10,Starter,8604
2024-02-10,Starter,7785
2024-02-10,Starter,7555
2024-02-10,Starter,9541
2024-02-10,Starter,1624
2024-02-10,Starter,1072
2024-02-10,3rd,1709
2024-02-10,1st,7719
2024-02-10,Starter,9404
2024-02-11,Starter,5366
2024-02-11,Consolation,0931
2024-02-11,Consolation,8517
2024-02-11,Consolation,6366
2024-02-11,Starter,2049
2024-02-11,1st,6438
2024-02-11,2nd,3830
2024-02-11,3rd,1422
2024-02-11,Starter,5345
2024-02-11,Starter,6101
2024-02-11,Consolation,5296
2024-02-11,Consolation,4572
2024-02-11,Starter,8491
2024-02-11,Starter,6909
2024-02-11,Starter,6956
2024-02-11,Starter,6874
2024-02-11,Starter,3175
2024-02-11,Consolation,7119
2024-02-11,Consolation,2941
2024-02-11,Consolation,1240
2024-02-11,Starter,8385
2024-02-11,Consolation,8887
2024-02-11,Consolation,9890
2024-02-14,1st,4720
2024-02-14,2nd,4097
2024-02-14,Consolation,5359
2024-02-14,3rd,7236
2024-02-14,Starter,2755
2024-02-14,Consolation,4238
2024-02-14,Consolation,8248
2024-02-14,Consolation,7370
2024-02-14,Consolation,0821
2024-02-14,Starter,8728
2024-02-14,Starter,7159
2024-02-14,Starter,7922
2024-02-14,Starter,0860
2024-02-14,Starter,0491
2024-02-14,Starter,7507
2024-02-14,Starter,6042
2024-02-14,Consolation,0445
2024-02-14,Consolation,7046
2024-02-14,Starter,9677
2024-02-14,Starter,1164
2024-02-14,Consolation,4744
2024-02-14,Consolation,9817
2024-02-14,Consolation,2315
2024-02-17,Starter,0249
2024-02-17,Consolation,3347
2024-02-17,Starter,8194
2024-02-17,Consolation,2547
2024-02-17,1st,0075
2024-02-17,Consolation,1012
2024-02-17,Consolation,4236
2024-02-17,Consolation,5750
2024-02-17,Consolation,8026
2024-02-17,Consolation,0008
2024-02-17,Consolation,0457
2024-02-17,2nd,2810
2024-02-17,Starter,7542
2024-02-17,Starter,9083
2024-02-17,Starter,2117
2024-02-17,Starter,2213
2024-02-17,3rd,0010
2024-02-17,Starter,9884
2024-02-17,Consolation,3970
2024-02-17,Starter,2506
2024-02-17,Starter,2565
2024-02-17,Starter,6330
2024-02-17,Consolation,9114
2024-02-18,Consolation,0826
2024-02-18,Consolation,1628
2024-02-18,Starter,9666
2024-02-18,Starter,5771
2024-02-18,Consolation,1726
2024-02-18,Consolation,9746
2024-02-18,Consolation,5630
2024-02-18,Consolation,7868
2024-02-18,Consolation,8581
2024-02-18,Consolation,2605
2024-02-18,Starter,6512
2024-02-18,Starter,5048
2024-02-18,Consolation,1588
2024-02-18,Starter,0566
2024-02-18,Starter,4995
2024-02-18,Consolation,4360
2024-02-18,3rd,3506
2024-02-18,2nd,8161
2024-02-18,Starter,4935
2024-02-18,Starter,4681
2024-02-18,Starter,3516
2024-02-18,Starter,1578
2024-02-18,1st,3803
2024-02-21,Starter,9573
2024-02-21,Consolation,4268
2024-02-21,Consolation,4603
2024-02-21,Consolation,9965
2024-02-21,Starter,5862
2024-02-21,Consolation,4922
2024-02-21,Consolation,5225
2024-02-21,Consolation,5754
2024-02-21,Consolation,7080
2024-02-21,Starter,0779
2024-02-21,Starter,9468
2024-02-21,Starter,5549
2024-02-21,Consolation,0597
2024-02-21,Starter,7289
2024-02-21,Consolation,2149
2024-02-21,Starter,3970
2024-02-21,Starter,2919
2024-02-21,Starter,6367
2024-02-21,Starter,9446
2024-02-21,1st,2990
2024-02-21,2nd,2832
2024-02-21,3rd,5268
2024-02-21,Consolation,2846
2024-02-24,Starter,3581
2024-02-24,Consolation,1434
2024-02-24,Consolation,7669
2024-02-24,Consolation,5763
2024-02-24,1st,5131
2024-02-24,2nd,3448
2024-02-24,3rd,9949
2024-02-24,Starter,3408
2024-02-24,Consolation,3071
2024-02-24,Consolation,6977
2024-02-24,Starter,8560
2024-02-24,Consolation,6183
2024-02-24,Consolation,4183
2024-02-24,Consolation,6697
2024-02-24,Starter,6372
2024-02-24,Starter,5078
2024-02-24,Starter,4449
2024-02-24,Starter,5342
2024-02-24,Starter,8235
2024-02-24,Consolation,3300
2024-02-24,Starter,7569
2024-02-24,Consolation,0183
2024-02-24,Starter,3617
2024-02-25,1st,4026
2024-02-25,Consolation,3959
2024-02-25,Starter,9749
2024-02-25,Starter,6998
2024-02-25,2nd,0195
2024-02-25,Starter,7098
2024-02-25,Starter,9611
2024-02-25,Starter,2859
2024-02-25,3rd,4517
2024-02-25,Starter,6682
2024-02-25,Starter,6781
2024-02-25,Starter,8385
2024-02-25,Starter,2238
2024-02-25,Consolation,9659
2024-02-25,Consolation,6419
2024-02-25,Consolation,5047
2024-02-25,Starter,4328
2024-02-25,Consolation,3404
2024-02-25,Consolation,5444
2024-02-25,Consolation,7069
2024-02-25,Consolation,7437
2024-02-25,Consolation,3409
2024-02-25,Consolation,1233
2024-02-28,Starter,9001
2024-02-28,3rd,0181
2024-02-28,2nd,0008
2024-02-28,1st,7947
2024-02-28,Consolation,2475
2024-02-28,Consolation,2267
2024-02-28,Consolation,1960
2024-02-28,Consolation,2838
2024-02-28,Consolation,8426
2024-02-28,Starter,2630
2024-02-28,Consolation,3613
2024-02-28,Consolation,5381
2024-02-28,Starter,8103
2024-02-28,Starter,7827
2024-02-28,Starter,6997
2024-02-28,Starter,5735
2024-02-28,Starter,2810
2024-02-28,Starter,4293
2024-02-28,Consolation,5439
2024-02-28,Consolation,1714
2024-02-28,Starter,9824
2024-02-28,Starter,9485
2024-02-28,Consolation,3354
2024-03-02,Consolation,5761
2024-03-02,Consolation,8696
2024-03-02,Consolation,8525
2024-03-02,Consolation,3460
2024-03-02,Consolation,4577
2024-03-02,Consolation,1927
2024-03-02,Starter,9765
2024-03-02,Consolation,5890
2024-03-02,Consolation,6366
2024-03-02,Consolation,8371
2024-03-02,Starter,7183
2024-03-02,Starter,4615
2024-03-02,Consolation,0627
2024-03-02,Starter,3311
2024-03-02,Starter,0817
2024-03-02,Starter,4563
2024-03-02,Starter,6191
2024-03-02,Starter,4520
2024-03-02,Starter,8571
2024-03-02,3rd,1017
2024-03-02,Starter,7242
2024-03-02,1st,4120
2024-03-02,2nd,5096
2024-03-03,Consolation,1419
2024-03-03,Consolation,9839
2024-03-03,Consolation,9688
2024-03-03,Consolation,9605
2024-03-03,Starter,7160
2024-03-03,2nd,0152
2024-03-03,Consolation,1759
2024-03-03,Consolation,9887
2024-03-03,Consolation,4047
2024-03-03,Consolation,9082
2024-03-03,Starter,0345
2024-03-03,1st,2468
2024-03-03,Starter,6167
2024-03-03,Starter,5835
2024-03-03,Starter,3867
2024-03-03,Starter,1178
2024-03-03,Starter,0360
2024-03-03,Starter,8791
2024-03-03,Starter,8962
2024-03-03,Consolation,7114
2024-03-03,3rd,1457
2024-03-03,Starter,7045
2024-03-03,Consolation,4194
2024-03-06,Consolation,7494
2024-03-06,Consolation,3817
2024-03-06,Starter,1403
2024-03-06,Starter,5991
2024-03-06,Consolation,1698
2024-03-06,Consolation,7331
2024-03-06,3rd,4288
2024-03-06,2nd,5753
2024-03-06,1st,4719
2024-03-06,Consolation,6638
2024-03-06,Starter,3656
2024-03-06,Starter,8912
2024-03-06,Consolation,1389
2024-03-06,Starter,8259
2024-03-06,Consolation,2322
2024-03-06,Consolation,6918
2024-03-06,Starter,9165
2024-03-06,Consolation,4209
2024-03-06,Consolation,9736
2024-03-06,Starter,5578
2024-03-06,Starter,3842
2024-03-06,Starter,8970
2024-03-06,Starter,7418
2024-03-09,3rd,1784
2024-03-09,2nd,3527
2024-03-09,1st,2312
2024-03-09,Starter,3026
2024-03-09,Starter,4486
2024-03-09,Starter,3105
2024-03-09,Starter,9068
2024-03-09,Consolation,7537
2024-03-09,Starter,5530
2024-03-09,Starter,9495
2024-03-09,Consolation,7019
2024-03-09,Consolation,4068
2024-03-09,Consolation,7313
2024-03-09,Consolation,1459
2024-03-09,Starter,7019
2024-03-09,Consolation,6301
2024-03-09,Consolation,3760
2024-03-09,Consolation,1177
2024-03-09,Consolation,2010
2024-03-09,Starter,9018
2024-03-09,Starter,8401
2024-03-09,Starter,8230
2024-03-09,Consolation,7979
2024-03-10,Starter,0269
2024-03-10,Starter,7583
2024-03-10,Consolation,9342
2024-03-10,1st,6663
2024-03-10,Consolation,0594
2024-03-10,Starter,9204
2024-03-10,Consolation,4010
2024-03-10,Consolation,3737
2024-03-10,Consolation,8699
2024-03-10,Starter,0555
2024-03-10,Consolation,8573
2024-03-10,2nd,4349
2024-03-10,3rd,8559
2024-03-10,Consolation,8781
2024-03-10,Starter,3832
2024-03-10,Starter,1579
2024-03-10,Starter,5703
2024-03-10,Starter,1161
2024-03-10,Starter,6636
2024-03-10,Consolation,0007
2024-03-10,Consolation,7980
2024-03-10,Starter,6516
2024-03-10,Consolation,7879
2024-03-13,Consolation,6059
2024-03-13,Consolation,8580
2024-03-13,Consolation,7885
2024-03-13,Consolation,7244
2024-03-13,Consolation,7485
2024-03-13,Consolation,6801
2024-03-13,Consolation,2446
2024-03-13,Starter,0471
2024-03-13,1st,3235
2024-03-13,Consolation,5048
2024-03-13,Consolation,6471
2024-03-13,Starter,9601
2024-03-13,Starter,9752
2024-03-13,Consolation,9682
2024-03-13,Starter,0586
2024-03-13,Starter,2163
2024-03-13,Starter,2779
2024-03-13,3rd,2328
2024-03-13,Starter,5015
2024-03-13,Starter,8599
2024-03-13,Starter,4685
2024-03-13,Starter,9962
2024-03-13,2nd,4946
2024-03-16,Starter,6876
2024-03-16,Consolation,8990
2024-03-16,Consolation,8791
2024-03-16,Consolation,8571
2024-03-16,Starter,8568
2024-03-16,Consolation,3584
2024-03-16,Starter,9482
2024-03-16,Starter,1277
2024-03-16,Consolation,3404
2024-03-16,Consolation,2334
2024-03-16,Consolation,4500
2024-03-16,Consolation,9834
2024-03-16,Starter,3587
2024-03-16,Starter,3575
2024-03-16,Starter,0142
2024-03-16,3rd,4174
2024-03-16,2nd,6747
2024-03-16,1st,6899
2024-03-16,Consolation,0170
2024-03-16,Starter,6921
2024-03-16,Starter,6821
2024-03-16,Consolation,3240
2024-03-16,Starter,4311
2024-03-17,Starter,8572
2024-03-17,Starter,7093
2024-03-17,Consolation,2000
2024-03-17,Consolation,2118
2024-03-17,Consolation,4548
2024-03-17,Consolation,3644
2024-03-17,Consolation,6567
2024-03-17,Consolation,8809
2024-03-17,Starter,7019
2024-03-17,Starter,1864
2024-03-17,Consolation,8838
2024-03-17,1st,2874
2024-03-17,Starter,9440
2024-03-17,Starter,4379
2024-03-17,Consolation,9314
2024-03-17,Starter,7180
2024-03-17,Starter,2700
2024-03-17,Consolation,7566
2024-03-17,Starter,1760
2024-03-17,Starter,8442
2024-03-17,3rd,8550
2024-03-17,2nd,1553
2024-03-17,Consolation,2868
2024-03-20,Consolation,9866
2024-03-20,Consolation,0327
2024-03-20,Consolation,9718
2024-03-20,Consolation,7633
2024-03-20,1st,3191
2024-03-20,2nd,0766
2024-03-20,Consolation,3292
2024-03-20,Consolation,3445
2024-03-20,Starter,8118
2024-03-20,Consolation,4216
2024-03-20,Consolation,4214
2024-03-20,Starter,4156
2024-03-20,Starter,1293
2024-03-20,Starter,3696
2024-03-20,Starter,0888
2024-03-20,Starter,0190
2024-03-20,3rd,3667
2024-03-20,Consolation,7620
2024-03-20,Starter,5167
2024-03-20,Starter,3329
2024-03-20,Starter,4381
2024-03-20,Starter,1060
2024-03-20,Consolation,1597
2024-03-23,Consolation,2663
2024-03-23,Consolation,0810
2024-03-23,Consolation,1462
2024-03-23,Starter,1553
2024-03-23,Consolation,5943
2024-03-23,Consolation,9766
2024-03-23,Consolation,2046
2024-03-23,Consolation,1105
2024-03-23,Starter,1942
2024-03-23,Consolation,0276
2024-03-23,Starter,5720
2024-03-23,Starter,8334
2024-03-23,Starter,3559
2024-03-23,3rd,1532
2024-03-23,2nd,4397
2024-03-23,1st,8233
2024-03-23,Consolation,8280
2024-03-23,Starter,6557
2024-03-23,Starter,6961
2024-03-23,Starter,6750
2024-03-23,Starter,5166
2024-03-23,Starter,4566
2024-03-23,Consolation,7328
2024-03-24,Starter,5847
2024-03-24,2nd,2866
2024-03-24,3rd,8468
2024-03-24,Consolation,2823
2024-03-24,Starter,9483
2024-03-24,Consolation,4412
2024-03-24,Consolation,0690
2024-03-24,Consolation,8451
2024-03-24,Consolation,6181
2024-03-24,Starter,2267
2024-03-24,Consolation,2166
2024-03-24,Starter,5657
2024-03-24,Consolation,7250
2024-03-24,Consolation,7352
2024-03-24,Starter,5366
2024-03-24,Starter,6445
2024-03-24,Starter,6949
2024-03-24,Consolation,8306
2024-03-24,Starter,1715
2024-03-24,Starter,1109
2024-03-24,Starter,7000
2024-03-24,1st,0154
2024-03-24,Consolation,2898
2024-03-27,Consolation,8588
2024-03-27,Consolation,9636
2024-03-27,Consolation,8670
2024-03-27,Starter,7837
2024-03-27,Consolation,5778
2024-03-27,Consolation,0099
2024-03-27,Consolation,6655
2024-03-27,Consolation,6692
2024-03-27,Consolation,0131
2024-03-27,Consolation,4466
2024-03-27,Consolation,7555
2024-03-27,Starter,7076
2024-03-27,Starter,8178
2024-03-27,Starter,0086
2024-03-27,Starter,2738
2024-03-27,Starter,4495
2024-03-27,Starter,7670
2024-03-27,Starter,7426
2024-03-27,Starter,6024
2024-03-27,3rd,6623
2024-03-27,1st,1356
2024-03-27,Starter,1075
2024-03-27,2nd,5061
2024-03-30,Starter,6937
2024-03-30,Consolation,8055
2024-03-30,Consolation,1900
2024-03-30,Consolation,0201
2024-03-30,Starter,3457
2024-03-30,Starter,6581
2024-03-30,Starter,4851
2024-03-30,Starter,1373
2024-03-30,Starter,1683
2024-03-30,Starter,8380
2024-03-30,Consolation,3923
2024-03-30,Starter,6426
2024-03-30,Consolation,4495
2024-03-30,Consolation,6794
2024-03-30,Consolation,5744
2024-03-30,Consolation,2232
2024-03-30,Starter,9669
2024-03-30,3rd,1099
2024-03-30,Consolation,9949
2024-03-30,Consolation,8641
2024-03-30,1st,7275
2024-03-30,2nd,4184
2024-03-30,Starter,0544
2024-03-31,Consolation,4846
2024-03-31,Consolation,6822
2024-03-31,Consolation,0739
2024-03-31,Consolation,5918
2024-03-31,1st,3914
2024-03-31,2nd,5622
2024-03-31,3rd,3317
2024-03-31,Consolation,1503
2024-03-31,Consolation,2200
2024-03-31,Consolation,9914
2024-03-31,Consolation,1973
2024-03-31,Starter,3689
2024-03-31,Starter,8702
2024-03-31,Starter,6406
2024-03-31,Starter,2090
2024-03-31,Starter,6804
2024-03-31,Starter,3708
2024-03-31,Consolation,2342
2024-03-31,Starter,4917
2024-03-31,Starter,5315
2024-03-31,Consolation,3710
2024-03-31,Starter,7905
2024-03-31,Starter,8831
2024-04-03,Consolation,9800
2024-04-03,3rd,3542
2024-04-03,2nd,4508
2024-04-03,1st,1755
2024-04-03,Starter,1830
2024-04-03,Consolation,3699
2024-04-03,Consolation,3181
2024-04-03,Starter,6901
2024-04-03,Consolation,7985
2024-04-03,Starter,4554
2024-04-03,Starter,2260
2024-04-03,Consolation,8467
2024-04-03,Starter,7684
2024-04-03,Consolation,4669
2024-04-03,Starter,3315
2024-04-03,Consolation,4235
2024-04-03,Consolation,3288
2024-04-03,Starter,2209
2024-04-03,Starter,8278
2024-04-03,Starter,6220
2024-04-03,Consolation,0859
2024-04-03,Starter,9206
2024-04-03,Consolation,0912
2024-04-06,Consolation,7254
2024-04-06,1st,4437
2024-04-06,2nd,9844
2024-04-06,Consolation,8148
2024-04-06,3rd,2406
2024-04-06,Starter,9227
2024-04-06,Consolation,8711
2024-04-06,Consolation,3222
2024-04-06,Consolation,4094
2024-04-06,Consolation,0309
2024-04-06,Starter,8650
2024-04-06,Consolation,7660
2024-04-06,Consolation,0697
2024-04-06,Consolation,9106
2024-04-06,Starter,1446
2024-04-06,Consolation,2469
2024-04-06,Starter,5921
2024-04-06,Starter,2993
2024-04-06,Starter,5546
2024-04-06,Starter,4340
2024-04-06,Starter,5281
2024-04-06,Starter,3322
2024-04-06,Starter,9858
2024-04-07,Consolation,1195
2024-04-07,Consolation,0223
2024-04-07,Starter,9645
2024-04-07,Consolation,1326
2024-04-07,Consolation,9175
2024-04-07,Consolation,5989
2024-04-07,Consolation,6805
2024-04-07,Consolation,7817
2024-04-07,Consolation,8470
2024-04-07,Consolation,0644
2024-04-07,Starter,8818
2024-04-07,Consolation,5765
2024-04-07,Starter,6314
2024-04-07,1st,2194
2024-04-07,Starter,5626
2024-04-07,Starter,1416
2024-04-07,Starter,0143
2024-04-07,Starter,0094
2024-04-07,Starter,8728
2024-04-07,3rd,6955
2024-04-07,2nd,1562
2024-04-07,Starter,6746
2024-04-07,Starter,8586
2024-04-10,1st,6763
2024-04-10,Consolation,4419
2024-04-10,Consolation,4251
2024-04-10,Consolation,8539
2024-04-10,Consolation,7177
2024-04-10,Consolation,6838
2024-04-10,Consolation,4393
2024-04-10,2nd,4210
2024-04-10,Consolation,9496
2024-04-10,Consolation,3496
2024-04-10,Starter,7403
2024-04-10,Starter,6751
2024-04-10,Starter,1712
2024-04-10,3rd,5525
2024-04-10,Starter,4765
2024-04-10,Starter,5940
2024-04-10,Starter,8153
2024-04-10,Starter,8510
2024-04-10,Starter,1357
2024-04-10,Consolation,0604
2024-04-10,Starter,3491
2024-04-10,Starter,1549
2024-04-10,Consolation,9416
2024-04-13,Consolation,4380
2024-04-13,Consolation,9836
2024-04-13,Consolation,9659
2024-04-13,Consolation,8912
2024-04-13,Consolation,7994
2024-04-13,Consolation,8178
2024-04-13,Consolation,7506
2024-04-13,Consolation,1639
2024-04-13,Starter,3781
2024-04-13,Starter,7392
2024-04-13,Starter,9044
2024-04-13,Starter,3968
2024-04-13,Starter,5668
2024-04-13,Starter,8469
2024-04-13,Starter,1594
2024-04-13,Starter,0679
2024-04-13,Starter,3012
2024-04-13,Consolation,6474
2024-04-13,Starter,5096
2024-04-13,Consolation,4458
2024-04-13,1st,3779
2024-04-13,2nd,3136
2024-04-13,3rd,2299
2024-04-14,Starter,9176
2024-04-14,Starter,0175
2024-04-14,Starter,2321
2024-04-14,Consolation,4511
2024-04-14,Starter,6547
2024-04-14,1st,9406
2024-04-14,2nd,4726
2024-04-14,3rd,1892
2024-04-14,Consolation,0321
2024-04-14,Consolation,2587
2024-04-14,Starter,4971
2024-04-14,Starter,9284
2024-04-14,Starter,2395
2024-04-14,Starter,9184
2024-04-14,Starter,7603
2024-04-14,Consolation,3672
2024-04-14,Consolation,5078
2024-04-14,Consolation,5490
2024-04-14,Consolation,7548
2024-04-14,Starter,7731
2024-04-14,Consolation,0073
2024-04-14,Consolation,7676
2024-04-14,Consolation,7855
2024-04-17,Starter,8514
2024-04-17,Starter,3979
2024-04-17,3rd,3182
2024-04-17,2nd,2227
2024-04-17,Consolation,0680
2024-04-17,Starter,5533
2024-04-17,Starter,6819
2024-04-17,Starter,9678
2024-04-17,Starter,8488
2024-04-17,Consolation,8614
2024-04-17,1st,8276
2024-04-17,Consolation,1393
2024-04-17,Consolation,8080
2024-04-17,Starter,8644
2024-04-17,Starter,9507
2024-04-17,Starter,7063
2024-04-17,Consolation,2749
2024-04-17,Consolation,6902
2024-04-17,Consolation,7449
2024-04-17,Consolation,5637
2024-04-17,Consolation,4149
2024-04-17,Consolation,1747
2024-04-17,Starter,8597
2024-04-20,Consolation,2017
2024-04-20,Starter,1041
2024-04-20,Starter,3610
2024-04-20,Starter,5162
2024-04-20,Consolation,2995
2024-04-20,3rd,3111
2024-04-20,2nd,1173
2024-04-20,Consolation,0023
2024-04-20,1st,0737
2024-04-20,Consolation,2064
2024-04-20,Starter,6370
2024-04-20,Starter,7465
2024-04-20,Starter,3012
2024-04-20,Consolation,3563
2024-04-20,Starter,9830
2024-04-20,Consolation,2058
2024-04-20,Consolation,2356
2024-04-20,Consolation,0522
2024-04-20,Starter,7684
2024-04-20,Starter,9668
2024-04-20,Starter,7906
2024-04-20,Consolation,9917
2024-04-20,Consolation,0059
2024-04-21,Consolation,8219
2024-04-21,1st,4017
2024-04-21,2nd,6997
2024-04-21,3rd,5643
2024-04-21,Starter,9616
2024-04-21,Starter,8143
2024-04-21,Starter,7694
2024-04-21,Starter,9361
2024-04-21,Consolation,9403
2024-04-21,Consolation,5708
2024-04-21,Starter,6394
2024-04-21,Consolation,1175
2024-04-21,Starter,5897
2024-04-21,Starter,1969
2024-04-21,Consolation,2105
2024-04-21,Consolation,0982
2024-04-21,Consolation,4327
2024-04-21,Starter,2463
2024-04-21,Consolation,0364
2024-04-21,Consolation,6426
2024-04-21,Consolation,6454
2024-04-21,Starter,5280
2024-04-21,Starter,9355
2024-04-24,Starter,2150
2024-04-24,Consolation,7736
2024-04-24,1st,2922
2024-04-24,Starter,5038
2024-04-24,3rd,7116
2024-04-24,Consolation,0662
2024-04-24,Starter,3620
2024-04-24,Starter,4120
2024-04-24,Starter,9468
2024-04-24,Consolation,9999
2024-04-24,Starter,8744
2024-04-24,Consolation,1104
2024-04-24,Starter,1489
2024-04-24,Starter,9110
2024-04-24,2nd,5874
2024-04-24,Consolation,1689
2024-04-24,Consolation,2721
2024-04-24,Consolation,5550
2024-04-24,Starter,9514
2024-04-24,Consolation,9315
2024-04-24,Consolation,8516
2024-04-24,Starter,5144
2024-04-24,Consolation,5076
2024-04-27,Consolation,9825
2024-04-27,Consolation,8207
2024-04-27,Starter,5142
2024-04-27,Starter,9099
2024-04-27,Starter,0624
2024-04-27,3rd,8027
2024-04-27,Starter,6386
2024-04-27,Starter,2137
2024-04-27,Starter,3815
2024-04-27,Consolation,8635
2024-04-27,Consolation,7806
2024-04-27,2nd,2139
2024-04-27,1st,4489
2024-04-27,Starter,4305
2024-04-27,Consolation,7538
2024-04-27,Consolation,6992
2024-04-27,Consolation,3706
2024-04-27,Consolation,3053
2024-04-27,Consolation,4147
2024-04-27,Starter,0366
2024-04-27,Consolation,7753
2024-04-27,Starter,7061
2024-04-27,Starter,1503
2024-04-28,1st,6576
2024-04-28,Consolation,3116
2024-04-28,3rd,2928
2024-04-28,Consolation,7353
2024-04-28,Consolation,9061
2024-04-28,2nd,7394
2024-04-28,Consolation,8111
2024-04-28,Consolation,5118
2024-04-28,Consolation,0256
2024-04-28,Starter,8676
2024-04-28,Consolation,1475
2024-04-28,Consolation,3698
2024-04-28,Starter,6116
2024-04-28,Starter,5530
2024-04-28,Starter,2460
2024-04-28,Consolation,5564
2024-04-28,Starter,2665
2024-04-28,Starter,7156
2024-04-28,Starter,7872
2024-04-28,Starter,3167
2024-04-28,Consolation,5059
2024-04-28,Starter,3070
2024-04-28,Starter,6881
2024-05-01,Consolation,5407
2024-05-01,Starter,1990
2024-05-01,2nd,9035
2024-05-01,Starter,5625
2024-05-01,Consolation,5655
2024-05-01,Consolation,8992
2024-05-01,1st,2221
2024-05-01,Consolation,2809
2024-05-01,Consolation,2857
2024-05-01,Consolation,0171
2024-05-01,Consolation,4195
2024-05-01,Starter,2942
2024-05-01,Starter,2548
2024-05-01,Starter,9778
2024-05-01,Consolation,3685
2024-05-01,Consolation,0775
2024-05-01,Consolation,7762
2024-05-01,3rd,6083
2024-05-01,Starter,8843
2024-05-01,Starter,5275
2024-05-01,Starter,1905
2024-05-01,Starter,0349
2024-05-01,Starter,2314
2024-05-04,Consolation,9458
2024-05-04,2nd,7431
2024-05-04,Consolation,2130
2024-05-04,Consolation,0707
2024-05-04,Starter,7606
2024-05-04,Starter,4398
2024-05-04,1st,5233
2024-05-04,Consolation,4062
2024-05-04,3rd,0928
2024-05-04,Consolation,4566
2024-05-04,Starter,3180
2024-05-04,Starter,5972
2024-05-04,Starter,1666
2024-05-04,Starter,1143
2024-05-04,Starter,0695
2024-05-04,Starter,0188
2024-05-04,Starter,1469
2024-05-04,Consolation,4158
2024-05-04,Consolation,1509
2024-05-04,Starter,9426
2024-05-04,Consolation,0477
2024-05-04,Consolation,5596
2024-05-04,Consolation,1311
2024-05-05,Consolation,4843
2024-05-05,Starter,3137
2024-05-05,Consolation,3696
2024-05-05,Consolation,4487
2024-05-05,Consolation,5932
2024-05-05,3rd,7488
2024-05-05,2nd,7908
2024-05-05,1st,8635
2024-05-05,Consolation,7743
2024-05-05,Consolation,6888
2024-05-05,Consolation,7429
2024-05-05,Starter,2650
2024-05-05,Starter,8021
2024-05-05,Starter,6305
2024-05-05,Starter,3477
2024-05-05,Starter,9695
2024-05-05,Consolation,3347
2024-05-05,Starter,8682
2024-05-05,Starter,9565
2024-05-05,Starter,9615
2024-05-05,Starter,9423
2024-05-05,Consolation,8059
2024-05-05,Consolation,1791
2024-05-08,Consolation,7927
2024-05-08,3rd,8573
2024-05-08,2nd,6607
2024-05-08,1st,3255
2024-05-08,Consolation,5244
2024-05-08,Consolation,9668
2024-05-08,Consolation,9587
2024-05-08,Consolation,4860
2024-05-08,Consolation,3050
2024-05-08,Starter,4621
2024-05-08,Starter,9091
2024-05-08,Consolation,7297
2024-05-08,Consolation,0662
2024-05-08,Starter,3633
2024-05-08,Starter,3301
2024-05-08,Starter,3839
2024-05-08,Starter,7535
2024-05-08,Starter,2133
2024-05-08,Starter,6402
2024-05-08,Starter,6602
2024-05-08,Consolation,5784
2024-05-08,Starter,1404
2024-05-08,Consolation,0361
2024-05-11,1st,1749
2024-05-11,3rd,8745
2024-05-11,Consolation,4871
2024-05-11,Consolation,7939
2024-05-11,Consolation,1152
2024-05-11,Starter,2941
2024-05-11,Starter,7719
2024-05-11,Consolation,5027
2024-05-11,Starter,0807
2024-05-11,2nd,5441
2024-05-11,Starter,4818
2024-05-11,Starter,9644
2024-05-11,Starter,4169
2024-05-11,Starter,3813
2024-05-11,Consolation,0158
2024-05-11,Consolation,2026
2024-05-11,Starter,9821
2024-05-11,Consolation,0451
2024-05-11,Consolation,4364
2024-05-11,Consolation,3610
2024-05-11,Consolation,5793
2024-05-11,Starter,8563
2024-05-11,Starter,2604
2024-05-12,3rd,7347
2024-05-12,2nd,4668
2024-05-12,1st,2054
2024-05-12,Consolation,0520
2024-05-12,Consolation,4359
2024-05-12,Consolation,6756
2024-05-12,Starter,7003
2024-05-12,Starter,3565
2024-05-12,Starter,8605
2024-05-12,Starter,2515
2024-05-12,Starter,1136
2024-05-12,Starter,4880
2024-05-12,Starter,5407
2024-05-12,Starter,0310
2024-05-12,Consolation,9763
2024-05-12,Consolation,8551
2024-05-12,Consolation,7158
2024-05-12,Starter,7182
2024-05-12,Starter,5819
2024-05-12,Consolation,4349
2024-05-12,Consolation,3027
2024-05-12,Consolation,0759
2024-05-12,Consolation,6644
2024-05-15,Consolation,4664
2024-05-15,Consolation,3970
2024-05-15,Consolation,1358
2024-05-15,Consolation,7823
2024-05-15,Starter,1417
2024-05-15,1st,1080
2024-05-15,3rd,3927
2024-05-15,Starter,0386
2024-05-15,2nd,6727
2024-05-15,Starter,7933
2024-05-15,Starter,2530
2024-05-15,Starter,5164
2024-05-15,Starter,3334
2024-05-15,Consolation,6224
2024-05-15,Consolation,6226
2024-05-15,Consolation,9255
2024-05-15,Starter,9597
2024-05-15,Starter,0029
2024-05-15,Consolation,8672
2024-05-15,Consolation,1208
2024-05-15,Starter,5724
2024-05-15,Starter,4486
2024-05-18,3rd,9157
2024-05-18,Starter,5074
2024-05-18,Starter,8505
2024-05-18,Starter,2100
2024-05-18,Starter,4469
2024-05-18,Starter,2810
2024-05-18,Starter,4373
2024-05-18,Starter,3686
2024-05-18,Starter,6141
2024-05-18,Starter,2740
2024-05-18,Consolation,8292
2024-05-18,Consolation,6385
2024-05-18,Consolation,5971
2024-05-18,Consolation,8334
2024-05-18,1st,0431
2024-05-18,2nd,2562
2024-05-18,Consolation,1410
2024-05-18,Consolation,0409
2024-05-18,Consolation,7604
2024-05-18,Consolation,1343
2024-05-18,Consolation,8228
2024-05-18,Consolation,3455
2024-05-18,Starter,9150
2024-05-19,3rd,9143
2024-05-19,Consolation,2914
2024-05-19,Starter,1830
2024-05-19,Starter,4632
2024-05-19,Starter,2363
2024-05-19,Consolation,5506
2024-05-19,Consolation,2894
2024-05-19,Starter,6944
2024-05-19,Starter,6434
2024-05-19,Starter,3265
2024-05-19,Starter,7249
2024-05-19,Consolation,1595
2024-05-19,Consolation,8434
2024-05-19,Starter,6772
2024-05-19,Consolation,7525
2024-05-19,Consolation,5984
2024-05-19,Consolation,8514
2024-05-19,Consolation,9854
2024-05-19,Starter,2878
2024-05-19,Consolation,2249
2024-05-19,Starter,7715
2024-05-19,1st,4448
2024-05-19,2nd,8523
2024-05-22,3rd,6150
2024-05-22,Starter,0796
2024-05-22,2nd,5631
2024-05-22,Consolation,8425
2024-05-22,Starter,1760
2024-05-22,Consolation,1146
2024-05-22,Consolation,9227
2024-05-22,Consolation,4987
2024-05-22,Consolation,8027
2024-05-22,1st,3691
2024-05-22,Consolation,1202
2024-05-22,Starter,2591
2024-05-22,Starter,3673
2024-05-22,Consolation,7298
2024-05-22,Starter,6838
2024-05-22,Starter,5282
2024-05-22,Starter,1456
2024-05-22,Consolation,0548
2024-05-22,Consolation,8931
2024-05-22,Starter,4111
2024-05-22,Starter,7757
2024-05-22,Starter,7914
2024-05-22,Consolation,6450
2024-05-25,Starter,0729
2024-05-25,Starter,0585
2024-05-25,Consolation,0286
2024-05-25,Consolation,1178
2024-05-25,Starter,6772
2024-05-25,Consolation,4293
2024-05-25,3rd,7500
2024-05-25,2nd,5332
2024-05-25,1st,4847
2024-05-25,Consolation,5713
2024-05-25,Consolation,6128
2024-05-25,Starter,9199
2024-05-25,Starter,5786
2024-05-25,Starter,4516
2024-05-25,Starter,4513
2024-05-25,Starter,2164
2024-05-25,Consolation,2201
2024-05-25,Consolation,9376
2024-05-25,Consolation,7535
2024-05-25,Consolation,0951
2024-05-25,Starter,9936
2024-05-25,Consolation,3507
2024-05-25,Starter,1111
2024-05-26,1st,3895
2024-05-26,2nd,6684
2024-05-26,3rd,0927
2024-05-26,Consolation,0787
2024-05-26,Starter,6006
2024-05-26,Starter,2165
2024-05-26,Starter,4181
2024-05-26,Starter,4527
2024-05-26,Starter,5827
2024-05-26,Starter,6329
2024-05-26,Starter,6794
2024-05-26,Starter,0956
2024-05-26,Starter,7960
2024-05-26,Starter,7180
2024-05-26,Consolation,9515
2024-05-26,Consolation,9179
2024-05-26,Consolation,6701
2024-05-26,Consolation,0154
2024-05-26,Consolation,4411
2024-05-26,Consolation,2936
2024-05-26,Consolation,2465
2024-05-26,Consolation,6644
2024-05-26,Consolation,7943
2024-05-29,Consolation,9497
2024-05-29,Consolation,4957
2024-05-29,Consolation,8017
2024-05-29,Consolation,7622
2024-05-29,Starter,4795
2024-05-29,Starter,7029
2024-05-29,1st,9173
2024-05-29,Consolation,2372
2024-05-29,3rd,7799
2024-05-29,Consolation,5505
2024-05-29,Consolation,3654
2024-05-29,Starter,7659
2024-05-29,Starter,8438
2024-05-29,Starter,1556
2024-05-29,Starter,0694
2024-05-29,Starter,0656
2024-05-29,Consolation,2943
2024-05-29,Consolation,1099
2024-05-29,2nd,5671
2024-05-29,Starter,7709
2024-05-29,Starter,9633
2024-05-29,Starter,7701
2024-05-29,Consolation,7047
2024-06-01,Consolation,5284
2024-06-01,Consolation,4903
2024-06-01,Consolation,3651
2024-06-01,Starter,0939
2024-06-01,2nd,2463
2024-06-01,Consolation,0845
2024-06-01,3rd,1585
2024-06-01,Consolation,1733
2024-06-01,Consolation,7736
2024-06-01,Consolation,4249
2024-06-01,Starter,1340
2024-06-01,Starter,1665
2024-06-01,Starter,7614
2024-06-01,Starter,7615
2024-06-01,Starter,6098
2024-06-01,Starter,0770
2024-06-01,Consolation,1666
2024-06-01,Consolation,0446
2024-06-01,Consolation,7399
2024-06-01,Starter,1942
2024-06-01,Starter,3448
2024-06-01,1st,9799
2024-06-01,Starter,5484
2024-06-02,Starter,4018
2024-06-02,Starter,8247
2024-06-02,Starter,4903
2024-06-02,Starter,2317
2024-06-02,Consolation,0474
2024-06-02,Starter,1535
2024-06-02,Starter,5428
2024-06-02,Starter,2355
2024-06-02,Consolation,2565
2024-06-02,Consolation,0732
2024-06-02,Starter,4805
2024-06-02,Starter,5862
2024-06-02,2nd,4029
2024-06-02,Consolation,6778
2024-06-02,Consolation,5797
2024-06-02,Consolation,4840
2024-06-02,Consolation,3944
2024-06-02,1st,6212
2024-06-02,Consolation,8903
2024-06-02,Consolation,3191
2024-06-02,Consolation,0542
2024-06-02,3rd,7849
2024-06-02,Starter,1591
2024-06-05,Consolation,5951
2024-06-05,Consolation,4413
2024-06-05,Consolation,9220
2024-06-05,Consolation,9635
2024-06-05,Starter,4684
2024-06-05,Consolation,0084
2024-06-05,Starter,8679
2024-06-05,Starter,7411
2024-06-05,Consolation,2823
2024-06-05,Consolation,2509
2024-06-05,Consolation,3892
2024-06-05,Consolation,1662
2024-06-05,Starter,3757
2024-06-05,Starter,9796
2024-06-05,Starter,0621
2024-06-05,Starter,2440
2024-06-05,3rd,7805
2024-06-05,2nd,9570
2024-06-05,1st,9498
2024-06-05,Starter,5080
2024-06-05,Consolation,7126
2024-06-05,Starter,0945
2024-06-05,Starter,2936
2024-06-08,Starter,7303
2024-06-08,Starter,1633
2024-06-08,Consolation,4318
2024-06-08,Consolation,0989
2024-06-08,Consolation,2319
2024-06-08,Consolation,4526
2024-06-08,Consolation,6132
2024-06-08,Consolation,5115
2024-06-08,Starter,9604
2024-06-08,Consolation,2228
2024-06-08,Consolation,4478
2024-06-08,Consolation,8440
2024-06-08,Starter,1091
2024-06-08,Starter,4491
2024-06-08,Starter,5622
2024-06-08,2nd,0920
2024-06-08,Starter,9229
2024-06-08,3rd,1169
2024-06-08,Starter,0422
2024-06-08,Starter,1328
2024-06-08,1st,4277
2024-06-08,Starter,2989
2024-06-08,Consolation,4495
2024-06-09,Consolation,5409
2024-06-09,Consolation,6836
2024-06-09,Consolation,8437
2024-06-09,Consolation,9218
2024-06-09,Starter,2415
2024-06-09,Consolation,4892
2024-06-09,Consolation,3093
2024-06-09,Consolation,5079
2024-06-09,Consolation,0096
2024-06-09,Starter,8572
2024-06-09,Consolation,3577
2024-06-09,Starter,6782
2024-06-09,1st,7353
2024-06-09,Starter,2005
2024-06-09,Starter,8025
2024-06-09,Starter,3424
2024-06-09,Starter,5864
2024-06-09,Starter,6033
2024-06-09,Consolation,9994
2024-06-09,Starter,6429
2024-06-09,3rd,9464
2024-06-09,2nd,0301
2024-06-09,Starter,3005
2024-06-12,Consolation,1183
2024-06-12,Starter,5322
2024-06-12,Consolation,4728
2024-06-12,Consolation,8927
2024-06-12,Starter,1781
2024-06-12,Consolation,6441
2024-06-12,Consolation,7112
2024-06-12,Consolation,8268
2024-06-12,Consolation,8875
2024-06-12,Starter,0948
2024-06-12,Consolation,4022
2024-06-12,Starter,4904
2024-06-12,Consolation,1060
2024-06-12,Starter,9473
2024-06-12,Starter,5428
2024-06-12,Starter,1356
2024-06-12,Starter,1106
2024-06-12,Starter,8872
2024-06-12,Starter,6946
2024-06-12,3rd,3233
2024-06-12,2nd,0219
2024-06-12,1st,5858
2024-06-12,Consolation,2549
2024-06-15,Consolation,3823
2024-06-15,Consolation,5809
2024-06-15,Consolation,5572
2024-06-15,Starter,9036
2024-06-15,Consolation,9778
2024-06-15,Consolation,4621
2024-06-15,Consolation,1952
2024-06-15,1st,5393
2024-06-15,Consolation,6745
2024-06-15,2nd,8046
2024-06-15,Consolation,0510
2024-06-15,Consolation,0787
2024-06-15,Starter,7652
2024-06-15,Starter,8907
2024-06-15,Consolation,9976
2024-06-15,Starter,5339
2024-06-15,Starter,5366
2024-06-15,Starter,5475
2024-06-15,Starter,5417
2024-06-15,Starter,7077
2024-06-15,Starter,2533
2024-06-15,3rd,3525
2024-06-15,Starter,7763
2024-06-16,Starter,7754
2024-06-16,Starter,9275
2024-06-16,Starter,2447
2024-06-16,Starter,3594
2024-06-16,Starter,3973
2024-06-16,Starter,4546
2024-06-16,Starter,5939
2024-06-16,Starter,7745
2024-06-16,Consolation,1876
2024-06-16,Starter,7741
2024-06-16,2nd,7591
2024-06-16,1st,5707
2024-06-16,3rd,1855
2024-06-16,Consolation,9953
2024-06-16,Consolation,3784
2024-06-16,Consolation,3727
2024-06-16,Consolation,7860
2024-06-16,Consolation,8421
2024-06-16,Consolation,9528
2024-06-16,Consolation,9871
2024-06-16,Consolation,0447
2024-06-16,Consolation,4421
2024-06-16,Starter,8703
2024-06-19,1st,4792
2024-06-19,Consolation,1816
2024-06-19,Consolation,6714
2024-06-19,Consolation,0650
2024-06-19,Consolation,5913
2024-06-19,Consolation,2480
2024-06-19,Consolation,9185
2024-06-19,2nd,7474
2024-06-19,3rd,5320
2024-06-19,Consolation,8364
2024-06-19,Starter,3952
2024-06-19,Consolation,7660
2024-06-19,Starter,0173
2024-06-19,Consolation,7327
2024-06-19,Starter,4147
2024-06-19,Starter,6353
2024-06-19,Starter,6148
2024-06-19,Starter,5317
2024-06-19,Starter,4714
2024-06-19,Starter,3486
2024-06-19,Starter,0549
2024-06-19,Starter,3687
2024-06-19,Consolation,6562
2024-06-22,3rd,7090
2024-06-22,Consolation,2030
2024-06-22,1st,6235
2024-06-22,Consolation,9747
2024-06-22,Consolation,1430
2024-06-22,2nd,4207
2024-06-22,Consolation,9446
2024-06-22,Consolation,7527
2024-06-22,Consolation,6151
2024-06-22,Starter,1589
2024-06-22,Starter,0970
2024-06-22,Starter,1515
2024-06-22,Starter,6759
2024-06-22,Starter,4646
2024-06-22,Starter,4975
2024-06-22,Starter,5117
2024-06-22,Starter,5716
2024-06-22,Starter,1600
2024-06-22,Consolation,5519
2024-06-22,Consolation,0460
2024-06-22,Consolation,5997
2024-06-22,Consolation,6399
2024-06-22,Starter,9457
2024-06-23,Starter,1070
2024-06-23,Consolation,8322
2024-06-23,Starter,1572
2024-06-23,Consolation,4775
2024-06-23,Starter,0324
2024-06-23,3rd,5530
2024-06-23,2nd,3255
2024-06-23,1st,0096
2024-06-23,Consolation,3154
2024-06-23,Consolation,3978
2024-06-23,Starter,7013
2024-06-23,Starter,8114
2024-06-23,Consolation,7439
2024-06-23,Consolation,8231
2024-06-23,Consolation,8349
2024-06-23,Consolation,8857
2024-06-23,Starter,4643
2024-06-23,Starter,2175
2024-06-23,Starter,1347
2024-06-23,Starter,5408
2024-06-23,Consolation,5163
2024-06-23,Starter,7567
2024-06-23,Consolation,2055
2024-06-26,1st,8668
2024-06-26,2nd,9176
2024-06-26,3rd,3251
2024-06-26,Consolation,9704
2024-06-26,Consolation,8273
2024-06-26,Consolation,1746
2024-06-26,Consolation,4858
2024-06-26,Consolation,6826
2024-06-26,Consolation,8009
2024-06-26,Consolation,3763
2024-06-26,Consolation,0867
2024-06-26,Starter,4561
2024-06-26,Starter,4204
2024-06-26,Starter,9104
2024-06-26,Starter,5772
2024-06-26,Starter,4999
2024-06-26,Starter,9948
2024-06-26,Starter,7927
2024-06-26,Starter,0512
2024-06-26,Starter,0336
2024-06-26,Starter,7100
2024-06-26,Consolation,1686
2024-06-26,Consolation,9985
2024-06-29,Starter,7632
2024-06-29,Starter,7714
2024-06-29,Consolation,1017
2024-06-29,Starter,7332
2024-06-29,Consolation,1954
2024-06-29,Starter,8289
2024-06-29,Consolation,6307
2024-06-29,Consolation,4422
2024-06-29,Starter,1692
2024-06-29,Consolation,9723
2024-06-29,Starter,3734
2024-06-29,3rd,3439
2024-06-29,Starter,0026
2024-06-29,Starter,4149
2024-06-29,Consolation,1335
2024-06-29,Consolation,1101
2024-06-29,Consolation,5737
2024-06-29,Consolation,0857
2024-06-29,2nd,7962
2024-06-29,1st,1295
2024-06-29,Starter,3386
2024-06-29,Starter,3013
2024-06-29,Consolation,1133
2024-06-30,Consolation,9311
2024-06-30,Starter,4232
2024-06-30,Starter,5475
2024-06-30,1st,7878
2024-06-30,Starter,2721
2024-06-30,Starter,7094
2024-06-30,Starter,3657
2024-06-30,Consolation,9376
2024-06-30,Consolation,2953
2024-06-30,Starter,2980
2024-06-30,Consolation,1534
2024-06-30,3rd,8016
2024-06-30,Consolation,9255
2024-06-30,Consolation,0682
2024-06-30,Consolation,5324
2024-06-30,Consolation,9736
2024-06-30,Starter,2967
2024-06-30,Starter,9633
2024-06-30,Consolation,2765
2024-06-30,Starter,6984
2024-06-30,Starter,2261
2024-06-30,2nd,6202
2024-06-30,Consolation,5445
2024-07-03,Starter,5738
2024-07-03,Starter,1706
2024-07-03,1st,0547
2024-07-03,Starter,3180
2024-07-03,Consolation,1141
2024-07-03,Consolation,2427
2024-07-03,Starter,4886
2024-07-03,Starter,5645
2024-07-03,Starter,6066
2024-07-03,Starter,6703
2024-07-03,Consolation,6981
2024-07-03,Consolation,6651
2024-07-03,Starter,0390
2024-07-03,Consolation,6820
2024-07-03,Consolation,6378
2024-07-03,Consolation,9019
2024-07-03,Consolation,3092
2024-07-03,Consolation,0774
2024-07-03,Starter,4507
2024-07-03,Consolation,3939
2024-07-03,3rd,2359
2024-07-03,2nd,3531
2024-07-03,Starter,3261
2024-07-06,Consolation,7435
2024-07-06,Consolation,6471
2024-07-06,Consolation,8844
2024-07-06,Consolation,2677
2024-07-06,1st,1897
2024-07-06,2nd,6901
2024-07-06,3rd,5695
2024-07-06,Consolation,8226
2024-07-06,Consolation,3915
2024-07-06,Consolation,7556
2024-07-06,Consolation,1748
2024-07-06,Consolation,1540
2024-07-06,Starter,3055
2024-07-06,Starter,3109
2024-07-06,Starter,4961
2024-07-06,Starter,6215
2024-07-06,Starter,7847
2024-07-06,Starter,9785
2024-07-06,Starter,0071
2024-07-06,Consolation,2061
2024-07-06,Starter,1585
2024-07-06,Starter,2807
2024-07-06,Starter,7474
2024-07-07,Consolation,4144
2024-07-07,Starter,7593
2024-07-07,Starter,1299
2024-07-07,Starter,2446
2024-07-07,Consolation,6386
2024-07-07,Starter,3718
2024-07-07,Starter,6562
2024-07-07,Starter,8152
2024-07-07,Starter,6747
2024-07-07,Starter,7505
2024-07-07,Consolation,7426
2024-07-07,3rd,8000
2024-07-07,Consolation,1027
2024-07-07,Consolation,4436
2024-07-07,Consolation,9364
2024-07-07,Consolation,6172
2024-07-07,Consolation,6136
2024-07-07,Consolation,7877
2024-07-07,Consolation,8311
2024-07-07,Starter,8222
2024-07-07,1st,0753
2024-07-07,2nd,6549
2024-07-07,Starter,2447
2024-07-10,Starter,0249
2024-07-10,1st,8879
2024-07-10,Starter,0736
2024-07-10,Starter,8204
2024-07-10,Consolation,1179
2024-07-10,2nd,3581
2024-07-10,3rd,9763
2024-07-10,Starter,0110
2024-07-10,Starter,1709
2024-07-10,Starter,2607
2024-07-10,Starter,0907
2024-07-10,Starter,5930
2024-07-10,Starter,3146
2024-07-10,Consolation,0034
2024-07-10,Consolation,4162
2024-07-10,Consolation,8092
2024-07-10,Consolation,9737
2024-07-10,Consolation,0390
2024-07-10,Consolation,9651
2024-07-10,Consolation,9548
2024-07-10,Consolation,2620
2024-07-10,Starter,2932
2024-07-10,Consolation,1274
2024-07-13,Consolation,5061
2024-07-13,Starter,1610
2024-07-13,Starter,0650
2024-07-13,Starter,1423
2024-07-13,Starter,1616
2024-07-13,Starter,3824
2024-07-13,Starter,2354
2024-07-13,Starter,3471
2024-07-13,Starter,9387
2024-07-13,Consolation,1367
2024-07-13,Starter,7929
2024-07-13,Consolation,0690
2024-07-13,Starter,7033
2024-07-13,Consolation,2670
2024-07-13,Consolation,2595
2024-07-13,Consolation,6022
2024-07-13,Consolation,0847
2024-07-13,Consolation,0761
2024-07-13,Consolation,8536
2024-07-13,3rd,0636
2024-07-13,2nd,1381
2024-07-13,1st,1487
2024-07-13,Consolation,1745
2024-07-14,Starter,4720
2024-07-14,Starter,0622
2024-07-14,Consolation,6474
2024-07-14,Consolation,0253
2024-07-14,Consolation,2795
2024-07-14,Consolation,2511
2024-07-14,Consolation,2545
2024-07-14,Consolation,2736
2024-07-14,Consolation,7305
2024-07-14,Consolation,3493
2024-07-14,Starter,9508
2024-07-14,Starter,4985
2024-07-14,Starter,1080
2024-07-14,Consolation,4239
2024-07-14,Consolation,3692
2024-07-14,Starter,3085
2024-07-14,3rd,5479
2024-07-14,2nd,6901
2024-07-14,Starter,4376
2024-07-14,Starter,3850
2024-07-14,Starter,3009
2024-07-14,Starter,1361
2024-07-14,1st,1986
2024-07-17,Starter,8962
2024-07-17,Starter,4664
2024-07-17,Consolation,2486
2024-07-17,Starter,5370
2024-07-17,Starter,4301
2024-07-17,Consolation,0617
2024-07-17,Consolation,7027
2024-07-17,Starter,5835
2024-07-17,Starter,1470
2024-07-17,Starter,9220
2024-07-17,Consolation,4611
2024-07-17,Consolation,4028
2024-07-17,Consolation,9333
2024-07-17,Consolation,0469
2024-07-17,Starter,0744
2024-07-17,Consolation,2771
2024-07-17,Consolation,8413
2024-07-17,Consolation,1227
2024-07-17,2nd,7864
2024-07-17,1st,5937
2024-07-17,Starter,0330
2024-07-17,Starter,7660
2024-07-17,3rd,7165
2024-07-20,Starter,5977
2024-07-20,Consolation,5611
2024-07-20,Starter,6900
2024-07-20,Consolation,0426
2024-07-20,Starter,0361
2024-07-20,Starter,1193
2024-07-20,Starter,9303
2024-07-20,Consolation,7556
2024-07-20,Starter,4019
2024-07-20,Consolation,7949
2024-07-20,Consolation,0103
2024-07-20,1st,9926
2024-07-20,Consolation,9464
2024-07-20,Starter,9244
2024-07-20,Consolation,5957
2024-07-20,Starter,3528
2024-07-20,Starter,1542
2024-07-20,Consolation,9284
2024-07-20,Consolation,5016
2024-07-20,Starter,7896
2024-07-20,3rd,0647
2024-07-20,2nd,3958
2024-07-20,Consolation,2159
2024-07-21,Consolation,0690
2024-07-21,Starter,7510
2024-07-21,Consolation,1101
2024-07-21,Consolation,1164
2024-07-21,Starter,7655
2024-07-21,Starter,8765
2024-07-21,Starter,7274
2024-07-21,Starter,0008
2024-07-21,Starter,0913
2024-07-21,Consolation,0127
2024-07-21,Consolation,7453
2024-07-21,Starter,7149
2024-07-21,Consolation,7051
2024-07-21,1st,7623
2024-07-21,2nd,2908
2024-07-21,3rd,9327
2024-07-21,Consolation,1535
2024-07-21,Starter,6233
2024-07-21,Starter,2451
2024-07-21,Starter,5346
2024-07-21,Consolation,5704
2024-07-21,Consolation,9553
2024-07-21,Consolation,5178
2024-07-24,Starter,8726
2024-07-24,Starter,2137
2024-07-24,Consolation,0549
2024-07-24,Starter,9569
2024-07-24,Starter,2602
2024-07-24,Consolation,1580
2024-07-24,Consolation,6990
2024-07-24,Consolation,9719
2024-07-24,Consolation,5064
2024-07-24,2nd,2339
2024-07-24,Starter,2348
2024-07-24,Starter,8454
2024-07-24,Consolation,2795
2024-07-24,Consolation,6771
2024-07-24,Starter,5914
2024-07-24,Consolation,1275
2024-07-24,3rd,8517
2024-07-24,Consolation,7223
2024-07-24,1st,7977
2024-07-24,Starter,7370
2024-07-24,Starter,6591
2024-07-24,Starter,1918
2024-07-24,Consolation,9625
2024-07-27,Starter,9502
2024-07-27,Starter,1628
2024-07-27,Starter,4496
2024-07-27,Consolation,3431
2024-07-27,Starter,2377
2024-07-27,Starter,2070
2024-07-27,Starter,4262
2024-07-27,Consolation,8592
2024-07-27,Starter,4544
2024-07-27,Starter,9164
2024-07-27,Consolation,8508
2024-07-27,Consolation,1593
2024-07-27,Consolation,1704
2024-07-27,Consolation,1234
2024-07-27,2nd,6485
2024-07-27,1st,6318
2024-07-27,Consolation,9812
2024-07-27,Starter,6963
2024-07-27,Starter,4010
2024-07-27,Consolation,4524
2024-07-27,Consolation,3005
2024-07-27,Consolation,6723
2024-07-27,3rd,0488
2024-07-28,Starter,8591
2024-07-28,Consolation,6815
2024-07-28,Consolation,4744
2024-07-28,1st,6111
2024-07-28,Starter,5334
2024-07-28,Starter,7814
2024-07-28,Starter,2545
2024-07-28,Starter,7137
2024-07-28,Starter,3572
2024-07-28,Consolation,7618
2024-07-28,Starter,2980
2024-07-28,2nd,1992
2024-07-28,Consolation,3426
2024-07-28,Starter,2774
2024-07-28,Consolation,4352
2024-07-28,Starter,3624
2024-07-28,Consolation,9029
2024-07-28,Consolation,6065
2024-07-28,Consolation,3980
2024-07-28,Consolation,1745
2024-07-28,Consolation,0454
2024-07-28,3rd,6419
2024-07-28,Starter,7047
2024-07-31,2nd,4135
2024-07-31,Consolation,5102
2024-07-31,Starter,9185
2024-07-31,Starter,3999
2024-07-31,Consolation,5167
2024-07-31,Consolation,5712
2024-07-31,Consolation,5986
2024-07-31,Consolation,7159
2024-07-31,3rd,2014
2024-07-31,1st,8241
2024-07-31,Starter,5663
2024-07-31,Consolation,8299
2024-07-31,Starter,4777
2024-07-31,Starter,3987
2024-07-31,Consolation,4611
2024-07-31,Starter,3686
2024-07-31,Starter,1736
2024-07-31,Consolation,8491
2024-07-31,Consolation,7036
2024-07-31,Consolation,8376
2024-07-31,Starter,6297
2024-07-31,Starter,1349
2024-07-31,Starter,1693
2024-08-03,Consolation,8363
2024-08-03,Starter,9097
2024-08-03,Consolation,8576
2024-08-03,3rd,1353
2024-08-03,Starter,3349
2024-08-03,1st,7015
2024-08-03,Consolation,9441
2024-08-03,Consolation,9704
2024-08-03,Consolation,7860
2024-08-03,Starter,4032
2024-08-03,Starter,2549
2024-08-03,Consolation,4450
2024-08-03,Starter,7514
2024-08-03,Consolation,4190
2024-08-03,Starter,3490
2024-08-03,Starter,2918
2024-08-03,Starter,4662
2024-08-03,Consolation,3985
2024-08-03,Starter,5103
2024-08-03,Starter,6762
2024-08-03,Consolation,0992
2024-08-03,Consolation,3892
2024-08-03,2nd,7974
2024-08-04,2nd,3781
2024-08-04,Consolation,6019
2024-08-04,1st,8324
2024-08-04,Consolation,6131
2024-08-04,Consolation,9976
2024-08-04,Starter,8947
2024-08-04,3rd,6467
2024-08-04,Starter,9287
2024-08-04,Consolation,7663
2024-08-04,Starter,5843
2024-08-04,Starter,3027
2024-08-04,Starter,0584
2024-08-04,Consolation,6947
2024-08-04,Starter,2004
2024-08-04,Starter,1181
2024-08-04,Starter,8481
2024-08-04,Starter,2967
2024-08-04,Starter,4897
2024-08-04,Consolation,4353
2024-08-04,Consolation,0084
2024-08-04,Consolation,8314
2024-08-04,Consolation,7988
2024-08-04,Consolation,2388
2024-08-07,Consolation,4917
2024-08-07,Consolation,7791
2024-08-07,Consolation,6672
2024-08-07,Starter,1057
2024-08-07,3rd,2885
2024-08-07,2nd,9973
2024-08-07,Consolation,4348
2024-08-07,1st,8695
2024-08-07,Consolation,2774
2024-08-07,Consolation,9613
2024-08-07,Starter,3005
2024-08-07,Starter,3448
2024-08-07,Starter,0453
2024-08-07,Starter,0638
2024-08-07,Consolation,4219
2024-08-07,Consolation,1762
2024-08-07,Consolation,0259
2024-08-07,Consolation,9089
2024-08-07,Starter,4495
2024-08-07,Starter,5719
2024-08-07,Starter,7151
2024-08-07,Starter,7706
2024-08-07,Starter,5418
2024-08-10,Consolation,2115
2024-08-10,1st,2433
2024-08-10,2nd,3577
2024-08-10,Consolation,2831
2024-08-10,Starter,4214
2024-08-10,Consolation,1091
2024-08-10,Starter,9489
2024-08-10,Starter,2596
2024-08-10,Starter,2724
2024-08-10,Consolation,8853
2024-08-10,Starter,8093
2024-08-10,Consolation,9448
2024-08-10,Starter,4000
2024-08-10,Starter,5326
2024-08-10,Starter,9520
2024-08-10,Starter,6922
2024-08-10,Consolation,1974
2024-08-10,Starter,9189
2024-08-10,Consolation,8783
2024-08-10,Consolation,8499
2024-08-10,Consolation,5154
2024-08-10,Consolation,8372
2024-08-10,3rd,3700
2024-08-11,Starter,6944
2024-08-11,Starter,5577
2024-08-11,Starter,5722
2024-08-11,Starter,7221
2024-08-11,Consolation,6429
2024-08-11,Starter,1876
2024-08-11,3rd,3601
2024-08-11,2nd,6340
2024-08-11,Starter,7508
2024-08-11,Starter,7147
2024-08-11,1st,8609
2024-08-11,Starter,7804
2024-08-11,Starter,1016
2024-08-11,Starter,7528
2024-08-11,Consolation,9806
2024-08-11,Consolation,6145
2024-08-11,Consolation,9404
2024-08-11,Consolation,3374
2024-08-11,Consolation,3284
2024-08-11,Consolation,3549
2024-08-11,Consolation,1555
2024-08-11,Consolation,3643
2024-08-11,Consolation,4432
2024-08-14,Consolation,2806
2024-08-14,Consolation,9537
2024-08-14,2nd,9175
2024-08-14,3rd,8398
2024-08-14,Starter,3801
2024-08-14,Starter,9446
2024-08-14,Starter,0043
2024-08-14,Starter,4782
2024-08-14,Starter,9338
2024-08-14,Starter,3412
2024-08-14,Starter,5840
2024-08-14,Consolation,0905
2024-08-14,Consolation,0815
2024-08-14,Starter,1757
2024-08-14,Starter,7120
2024-08-14,Consolation,1686
2024-08-14,Consolation,0410
2024-08-14,1st,5746
2024-08-14,Consolation,9037
2024-08-14,Consolation,2988
2024-08-14,Consolation,9411
2024-08-14,Starter,6415
2024-08-14,Consolation,7879
2024-08-17,Consolation,2901
2024-08-17,Consolation,9281
2024-08-17,Consolation,5927
2024-08-17,Consolation,9083
2024-08-17,3rd,5568
2024-08-17,2nd,2978
2024-08-17,1st,7577
2024-08-17,Starter,1936
2024-08-17,Consolation,6991
2024-08-17,Consolation,1141
2024-08-17,Consolation,0391
2024-08-17,Consolation,4720
2024-08-17,Starter,8916
2024-08-17,Starter,8460
2024-08-17,Starter,7232
2024-08-17,Starter,6716
2024-08-17,Starter,5468
2024-08-17,Starter,2982
2024-08-17,Consolation,4245
2024-08-17,Consolation,2506
2024-08-17,Starter,6992
2024-08-17,Starter,1753
2024-08-17,Starter,2709
2024-08-18,Starter,4238
2024-08-18,Starter,4711
2024-08-18,Starter,7786
2024-08-18,Starter,4445
2024-08-18,3rd,0622
2024-08-18,2nd,0638
2024-08-18,Starter,1476
2024-08-18,Starter,3828
2024-08-18,Starter,2506
2024-08-18,Consolation,9369
2024-08-18,Starter,6306
2024-08-18,Consolation,9241
2024-08-18,Starter,6591
2024-08-18,Starter,8015
2024-08-18,Consolation,9000
2024-08-18,Consolation,6848
2024-08-18,Consolation,2355
2024-08-18,Consolation,1557
2024-08-18,Consolation,4756
2024-08-18,Consolation,2451
2024-08-18,Consolation,2129
2024-08-18,1st,0149
2024-08-18,Consolation,7488
2024-08-21,1st,8294
2024-08-21,Consolation,2818
2024-08-21,Consolation,1880
2024-08-21,2nd,1207
2024-08-21,Consolation,1084
2024-08-21,Consolation,3894
2024-08-21,Consolation,4046
2024-08-21,3rd,2020
2024-08-21,Consolation,5754
2024-08-21,Consolation,5043
2024-08-21,Starter,4393
2024-08-21,Starter,3153
2024-08-21,Starter,7596
2024-08-21,Consolation,1369
2024-08-21,Starter,7376
2024-08-21,Starter,5938
2024-08-21,Starter,5850
2024-08-21,Starter,5374
2024-08-21,Consolation,1211
2024-08-21,Starter,9943
2024-08-21,Starter,7865
2024-08-21,Consolation,7194
2024-08-21,Starter,5606
2024-08-24,2nd,3903
2024-08-24,Starter,0471
2024-08-24,Starter,1302
2024-08-24,Starter,1753
2024-08-24,Starter,3479
2024-08-24,Starter,4734
2024-08-24,Starter,4745
2024-08-24,Starter,6330
2024-08-24,Starter,7124
2024-08-24,Starter,7865
2024-08-24,Consolation,0561
2024-08-24,Consolation,8373
2024-08-24,Consolation,6435
2024-08-24,1st,4608
2024-08-24,Consolation,9991
2024-08-24,Consolation,4306
2024-08-24,Consolation,3019
2024-08-24,Consolation,2203
2024-08-24,Consolation,9144
2024-08-24,Starter,6668
2024-08-24,Consolation,6314
2024-08-24,Consolation,7282
2024-08-24,3rd,9194
2024-08-25,Starter,7435
2024-08-25,Starter,0290
2024-08-25,Starter,5566
2024-08-25,Consolation,4842
2024-08-25,Starter,1813
2024-08-25,Starter,3319
2024-08-25,Starter,4731
2024-08-25,Starter,4212
2024-08-25,Starter,4686
2024-08-25,Starter,9880
2024-08-25,Consolation,5480
2024-08-25,1st,7675
2024-08-25,Consolation,1033
2024-08-25,Consolation,6822
2024-08-25,Consolation,0220
2024-08-25,Starter,3448
2024-08-25,3rd,5207
2024-08-25,2nd,2653
2024-08-25,Consolation,7058
2024-08-25,Consolation,3087
2024-08-25,Consolation,2659
2024-08-25,Consolation,7544
2024-08-25,Consolation,6238
2024-08-28,Starter,5937
2024-08-28,Starter,1112
2024-08-28,Starter,0642
2024-08-28,Starter,1147
2024-08-28,Consolation,9595
2024-08-28,Consolation,2112
2024-08-28,Consolation,4479
2024-08-28,Consolation,8530
2024-08-28,Consolation,8099
2024-08-28,Consolation,7868
2024-08-28,Consolation,7174
2024-08-28,Starter,7312
2024-08-28,Consolation,0342
2024-08-28,Consolation,6290
2024-08-28,Starter,4954
2024-08-28,Starter,2426
2024-08-28,Starter,5185
2024-08-28,1st,8055
2024-08-28,2nd,6931
2024-08-28,3rd,6250
2024-08-28,Starter,4984
2024-08-28,Consolation,7955
2024-08-28,Starter,3578
2024-08-31,Starter,2920
2024-08-31,Starter,3663
2024-08-31,Starter,4091
2024-08-31,Consolation,8972
2024-08-31,Starter,5451
2024-08-31,Consolation,6823
2024-08-31,Starter,5535
2024-08-31,Starter,1286
2024-08-31,Starter,4566
2024-08-31,Consolation,9165
2024-08-31,Starter,1339
2024-08-31,Consolation,0081
2024-08-31,Consolation,7568
2024-08-31,Consolation,7977
2024-08-31,2nd,1794
2024-08-31,1st,2853
2024-08-31,Consolation,5352
2024-08-31,Consolation,2321
2024-08-31,3rd,7477
2024-08-31,Consolation,6603
2024-08-31,Starter,9019
2024-08-31,Starter,9009
2024-08-31,Consolation,3219
2024-09-01,Consolation,7245
2024-09-01,Starter,7181
2024-09-01,Starter,7944
2024-09-01,Starter,4144
2024-09-01,Consolation,2893
2024-09-01,Consolation,0282
2024-09-01,Consolation,6805
2024-09-01,Starter,7120
2024-09-01,Consolation,3225
2024-09-01,Consolation,9008
2024-09-01,Consolation,2245
2024-09-01,Consolation,2024
2024-09-01,Starter,1768
2024-09-01,Consolation,4458
2024-09-01,Starter,5872
2024-09-01,Starter,8632
2024-09-01,Starter,2696
2024-09-01,Starter,4572
2024-09-01,Starter,0809
2024-09-01,3rd,0860
2024-09-01,2nd,6357
2024-09-01,1st,9723
2024-09-01,Consolation,1713
2024-09-04,Consolation,2298
2024-09-04,Consolation,3016
2024-09-04,Consolation,2581
2024-09-04,Consolation,1919
2024-09-04,Starter,8020
2024-09-04,Consolation,8395
2024-09-04,Starter,2128
2024-09-04,Consolation,5622
2024-09-04,Consolation,1394
2024-09-04,Consolation,5635
2024-09-04,Consolation,7036
2024-09-04,Consolation,3789
2024-09-04,Starter,4769
2024-09-04,Starter,4506
2024-09-04,Starter,1308
2024-09-04,3rd,0358
2024-09-04,2nd,8861
2024-09-04,1st,1733
2024-09-04,Starter,8337
2024-09-04,Starter,9273
2024-09-04,Starter,6994
2024-09-04,Starter,6724
2024-09-04,Starter,7558
2024-09-07,Starter,0028
2024-09-07,Consolation,2451
2024-09-07,Consolation,9777
2024-09-07,Consolation,8404
2024-09-07,Consolation,7082
2024-09-07,Consolation,3613
2024-09-07,Consolation,0179
2024-09-07,Starter,9860
2024-09-07,Consolation,5822
2024-09-07,Starter,8123
2024-09-07,Starter,1784
2024-09-07,Starter,7399
2024-09-07,Consolation,3138
2024-09-07,Starter,5295
2024-09-07,Starter,4404
2024-09-07,3rd,9681
2024-09-07,1st,8871
2024-09-07,Consolation,6103
2024-09-07,2nd,4758
2024-09-07,Starter,6428
2024-09-07,Starter,9053
2024-09-07,Starter,4923
2024-09-07,Consolation,9866
2024-09-08,Consolation,3902
2024-09-08,2nd,0137
2024-09-08,Consolation,3173
2024-09-08,Consolation,0386
2024-09-08,Consolation,5105
2024-09-08,Consolation,9575
2024-09-08,Consolation,4753
2024-09-08,Consolation,5956
2024-09-08,Starter,8518
2024-09-08,1st,2073
2024-09-08,Starter,2960
2024-09-08,Starter,3433
2024-09-08,Starter,0428
2024-09-08,Starter,8723
2024-09-08,Consolation,1819
2024-09-08,Starter,2865
2024-09-08,Starter,1890
2024-09-08,Starter,8965
2024-09-08,Starter,9395
2024-09-08,Consolation,3823
2024-09-08,3rd,8645
2024-09-08,Consolation,1330
2024-09-08,Starter,9405
2024-09-11,Consolation,6256
2024-09-11,Starter,4227
2024-09-11,Consolation,2774
2024-09-11,3rd,1577
2024-09-11,2nd,8404
2024-09-11,Consolation,6651
2024-09-11,Consolation,4973
2024-09-11,Consolation,8734
2024-09-11,Consolation,5325
2024-09-11,Consolation,2204
2024-09-11,Starter,1852
2024-09-11,Starter,1534
2024-09-11,Starter,0691
2024-09-11,1st,0630
2024-09-11,Starter,2015
2024-09-11,Starter,3689
2024-09-11,Starter,9205
2024-09-11,Consolation,8315
2024-09-11,Starter,8224
2024-09-11,Starter,7143
2024-09-11,Consolation,1030
2024-09-11,Consolation,8647
2024-09-11,Starter,3178
2024-09-14,Consolation,5771
2024-09-14,1st,1538
2024-09-14,Consolation,8747
2024-09-14,Consolation,8033
2024-09-14,Consolation,7385
2024-09-14,Consolation,9598
2024-09-14,Starter,4794
2024-09-14,Starter,9880
2024-09-14,Consolation,9201
2024-09-14,3rd,8184
2024-09-14,2nd,3273
2024-09-14,Starter,4816
2024-09-14,Consolation,4579
2024-09-14,Consolation,4087
2024-09-14,Consolation,0467
2024-09-14,Starter,0287
2024-09-14,Starter,4789
2024-09-14,Starter,8960
2024-09-14,Starter,2576
2024-09-14,Starter,5035
2024-09-14,Starter,0883
2024-09-14,Starter,0740
2024-09-14,Consolation,9915
2024-09-15,Consolation,9459
2024-09-15,Consolation,8167
2024-09-15,Consolation,3022
2024-09-15,Starter,4521
2024-09-15,Starter,7545
2024-09-15,Starter,3590
2024-09-15,Consolation,8987
2024-09-15,3rd,0630
2024-09-15,Consolation,1134
2024-09-15,Consolation,6393
2024-09-15,Starter,5402
2024-09-15,Starter,3438
2024-09-15,Starter,5030
2024-09-15,Consolation,4514
2024-09-15,1st,8198
2024-09-15,2nd,1300
2024-09-15,Starter,3677
2024-09-15,Consolation,6978
2024-09-15,Starter,7596
2024-09-15,Starter,0660
2024-09-15,Starter,1038
2024-09-15,Consolation,9083
2024-09-15,Consolation,7158
2024-09-18,Consolation,2118
2024-09-18,3rd,1245
2024-09-18,2nd,2080
2024-09-18,Consolation,4180
2024-09-18,Consolation,0490
2024-09-18,Starter,7052
2024-09-18,Consolation,8323
2024-09-18,Consolation,5384
2024-09-18,Starter,5905
2024-09-18,Starter,0880
2024-09-18,Starter,3050
2024-09-18,Starter,5770
2024-09-18,Starter,3067
2024-09-18,Starter,3297
2024-09-18,1st,6553
2024-09-18,Starter,3876
2024-09-18,Starter,6146
2024-09-18,Starter,0992
2024-09-18,Consolation,3121
2024-09-18,Consolation,8057
2024-09-18,Consolation,7993
2024-09-18,Consolation,7726
2024-09-18,Consolation,1732
2024-09-21,Consolation,3911
2024-09-21,Consolation,2733
2024-09-21,Consolation,0880
2024-09-21,Starter,8805
2024-09-21,2nd,4691
2024-09-21,1st,7954
2024-09-21,3rd,9266
2024-09-21,Consolation,7980
2024-09-21,Consolation,6622
2024-09-21,Consolation,4769
2024-09-21,Consolation,0411
2024-09-21,Starter,0262
2024-09-21,Starter,3248
2024-09-21,Starter,2451
2024-09-21,Starter,1213
2024-09-21,Starter,0385
2024-09-21,Consolation,9911
2024-09-21,Consolation,5782
2024-09-21,Consolation,4203
2024-09-21,Starter,6778
2024-09-21,Starter,8491
2024-09-21,Starter,5733
2024-09-21,Starter,3616
2024-09-22,Consolation,9292
2024-09-22,Consolation,8144
2024-09-22,Consolation,8352
2024-09-22,Consolation,8920
2024-09-22,Starter,1052
2024-09-22,2nd,3438
2024-09-22,3rd,0614
2024-09-22,Consolation,7715
2024-09-22,Consolation,9062
2024-09-22,Starter,3407
2024-09-22,Starter,0414
2024-09-22,Starter,8679
2024-09-22,Consolation,5965
2024-09-22,Starter,1403
2024-09-22,Starter,3331
2024-09-22,Starter,2139
2024-09-22,Starter,7596
2024-09-22,Consolation,0321
2024-09-22,Starter,4513
2024-09-22,Starter,7002
2024-09-22,Consolation,7565
2024-09-22,Consolation,7861
2024-09-22,1st,4317
2024-09-25,3rd,7433
2024-09-25,2nd,6890
2024-09-25,Consolation,2557
2024-09-25,Consolation,8627
2024-09-25,Starter,4306
2024-09-25,Starter,1163
2024-09-25,Starter,5768
2024-09-25,Starter,0581
2024-09-25,Starter,3663
2024-09-25,1st,2769
2024-09-25,Starter,3327
2024-09-25,Starter,0655
2024-09-25,Starter,9990
2024-09-25,Consolation,6710
2024-09-25,Consolation,6289
2024-09-25,Consolation,6615
2024-09-25,Consolation,6500
2024-09-25,Consolation,7035
2024-09-25,Consolation,3419
2024-09-25,Consolation,2084
2024-09-25,Consolation,7693
2024-09-25,Starter,2330
2024-09-25,Starter,4950
2024-09-28,1st,1672
2024-09-28,3rd,1800
2024-09-28,2nd,9272
2024-09-28,Consolation,6114
2024-09-28,Starter,3827
2024-09-28,Starter,5720
2024-09-28,Consolation,2672
2024-09-28,Consolation,7332
2024-09-28,Consolation,4711
2024-09-28,Consolation,4842
2024-09-28,Consolation,0242
2024-09-28,Starter,9049
2024-09-28,Consolation,4215
2024-09-28,Starter,0514
2024-09-28,Starter,8759
2024-09-28,Starter,6923
2024-09-28,Starter,6737
2024-09-28,Consolation,6065
2024-09-28,Consolation,2294
2024-09-28,Starter,3819
2024-09-28,Consolation,1689
2024-09-28,Starter,0591
2024-09-28,Starter,5513
2024-09-29,Consolation,3830
2024-09-29,Consolation,3563
2024-09-29,Starter,2759
2024-09-29,Consolation,0398
2024-09-29,Starter,9354
2024-09-29,Consolation,2705
2024-09-29,Consolation,8424
2024-09-29,Consolation,8322
2024-09-29,Consolation,1359
2024-09-29,Consolation,7631
2024-09-29,Starter,6803
2024-09-29,3rd,0219
2024-09-29,Starter,8151
2024-09-29,Consolation,6235
2024-09-29,Starter,1104
2024-09-29,Starter,5665
2024-09-29,2nd,6281
2024-09-29,1st,2286
2024-09-29,Starter,7042
2024-09-29,Starter,6366
2024-09-29,Starter,5794
2024-09-29,Starter,3059
2024-09-29,Consolation,8890
2024-10-02,Starter,3272
2024-10-02,Consolation,5221
2024-10-02,Starter,1974
2024-10-02,Consolation,4313
2024-10-02,Starter,0477
2024-10-02,Starter,2569
2024-10-02,Starter,5154
2024-10-02,Starter,4216
2024-10-02,Consolation,3704
2024-10-02,Starter,8691
2024-10-02,Starter,1540
2024-10-02,Consolation,9001
2024-10-02,3rd,1815
2024-10-02,Starter,5531
2024-10-02,Starter,8767
2024-10-02,Consolation,7429
2024-10-02,Consolation,2436
2024-10-02,1st,6604
2024-10-02,Consolation,5454
2024-10-02,Consolation,5593
2024-10-02,Consolation,7840
2024-10-02,2nd,4181
2024-10-02,Consolation,8391
2024-10-05,Starter,7630
2024-10-05,Consolation,2936
2024-10-05,Consolation,4693
2024-10-05,Consolation,4473
2024-10-05,2nd,8502
2024-10-05,Starter,1780
2024-10-05,Consolation,2312
2024-10-05,Consolation,3835
2024-10-05,Starter,6159
2024-10-05,Starter,7645
2024-10-05,1st,6821
2024-10-05,Consolation,3818
2024-10-05,Starter,4113
2024-10-05,Starter,5923
2024-10-05,Starter,5623
2024-10-05,Starter,8578
2024-10-05,Starter,3781
2024-10-05,Consolation,9712
2024-10-05,Starter,2843
2024-10-05,Consolation,3852
2024-10-05,3rd,6941
2024-10-05,Consolation,3181
2024-10-05,Consolation,6022
2024-10-06,Starter,9732
2024-10-06,Consolation,4830
2024-10-06,Starter,5051
2024-10-06,Starter,0123
2024-10-06,3rd,4418
2024-10-06,Consolation,3278
2024-10-06,Starter,8830
2024-10-06,Starter,3994
2024-10-06,Starter,1134
2024-10-06,Starter,4793
2024-10-06,Consolation,1163
2024-10-06,Consolation,2884
2024-10-06,Consolation,6579
2024-10-06,Starter,9840
2024-10-06,Consolation,6831
2024-10-06,Consolation,7539
2024-10-06,Consolation,3353
2024-10-06,Consolation,9613
2024-10-06,Starter,6978
2024-10-06,2nd,1759
2024-10-06,1st,8359
2024-10-06,Consolation,4986
2024-10-06,Starter,2636
2024-10-09,Consolation,7896
2024-10-09,Consolation,8844
2024-10-09,Consolation,2157
2024-10-09,Consolation,1757
2024-10-09,Starter,8734
2024-10-09,Consolation,8691
2024-10-09,Starter,0538
2024-10-09,Starter,1289
2024-10-09,Starter,8579
2024-10-09,Starter,2313
2024-10-09,Consolation,0290
2024-10-09,Starter,7751
2024-10-09,Starter,8780
2024-10-09,Consolation,8656
2024-10-09,Consolation,1528
2024-10-09,Starter,8792
2024-10-09,3rd,9087
2024-10-09,2nd,8195
2024-10-09,Starter,3079
2024-10-09,Starter,5147
2024-10-09,Consolation,5612
2024-10-09,Consolation,8923
2024-10-09,1st,2920
2024-10-12,Consolation,3265
2024-10-12,Starter,1395
2024-10-12,Consolation,4959
2024-10-12,Consolation,4756
2024-10-12,Consolation,6378
2024-10-12,Consolation,9661
2024-10-12,Consolation,2471
2024-10-12,Consolation,0334
2024-10-12,Starter,2241
2024-10-12,Consolation,8773
2024-10-12,Starter,2751
2024-10-12,Starter,5601
2024-10-12,Starter,8711
2024-10-12,Consolation,0141
2024-10-12,Starter,7930
2024-10-12,Starter,8531
2024-10-12,Starter,2126
2024-10-12,Starter,1306
2024-10-12,Consolation,9378
2024-10-12,Starter,5842
2024-10-12,3rd,5723
2024-10-12,2nd,6470
2024-10-12,1st,7488
2024-10-13,Starter,2875
2024-10-13,Starter,4622
2024-10-13,Starter,5353
2024-10-13,Starter,6399
2024-10-13,Consolation,3009
2024-10-13,Starter,9883
2024-10-13,Starter,9043
2024-10-13,Starter,0390
2024-10-13,Consolation,9197
2024-10-13,Consolation,1402
2024-10-13,Consolation,4136
2024-10-13,1st,6315
2024-10-13,Consolation,3091
2024-10-13,Consolation,9648
2024-10-13,Consolation,2281
2024-10-13,Consolation,1635
2024-10-13,Consolation,1454
2024-10-13,Consolation,5654
2024-10-13,Starter,8400
2024-10-13,Starter,4365
2024-10-13,3rd,9641
2024-10-13,2nd,6456
2024-10-13,Starter,6404
2024-10-16,Starter,8195
2024-10-16,Consolation,8993
2024-10-16,Consolation,8766
2024-10-16,Consolation,1049
2024-10-16,Consolation,9092
2024-10-16,Starter,2321
2024-10-16,Starter,7462
2024-10-16,Starter,0217
2024-10-16,Starter,0151
2024-10-16,Starter,6229
2024-10-16,Consolation,7355
2024-10-16,Consolation,2354
2024-10-16,Starter,6166
2024-10-16,1st,8333
2024-10-16,2nd,8261
2024-10-16,3rd,2120
2024-10-16,Starter,3492
2024-10-16,Consolation,2914
2024-10-16,Starter,3235
2024-10-16,Consolation,1699
2024-10-16,Consolation,4892
2024-10-16,Consolation,0049
2024-10-16,Starter,4007
2024-10-19,Consolation,9643
2024-10-19,Starter,6793
2024-10-19,Starter,2017
2024-10-19,Starter,1666
2024-10-19,Consolation,4398
2024-10-19,Starter,2360
2024-10-19,Starter,9581
2024-10-19,Starter,2828
2024-10-19,Consolation,2945
2024-10-19,Starter,4224
2024-10-19,Consolation,3657
2024-10-19,Consolation,5237
2024-10-19,Consolation,0826
2024-10-19,Consolation,4069
2024-10-19,Starter,3300
2024-10-19,Consolation,3473
2024-10-19,Starter,6226
2024-10-19,Consolation,7728
2024-10-19,1st,2969
2024-10-19,Consolation,6429
2024-10-19,3rd,8081
2024-10-19,2nd,9523
2024-10-19,Starter,1094
2024-10-20,Consolation,6817
2024-10-20,Consolation,3633
2024-10-20,Consolation,8262
2024-10-20,Consolation,9803
2024-10-20,3rd,0615
2024-10-20,Consolation,0629
2024-10-20,Consolation,2411
2024-10-20,Consolation,9141
2024-10-20,Consolation,0363
2024-10-20,2nd,9667
2024-10-20,Consolation,5089
2024-10-20,1st,4637
2024-10-20,Starter,6649
2024-10-20,Starter,9188
2024-10-20,Starter,0291
2024-10-20,Starter,8721
2024-10-20,Starter,7719
2024-10-20,Starter,9555
2024-10-20,Consolation,0594
2024-10-20,Starter,3617
2024-10-20,Starter,1657
2024-10-20,Starter,5124
2024-10-20,Starter,0951
2024-10-23,Starter,0434
2024-10-23,1st,4023
2024-10-23,2nd,7066
2024-10-23,3rd,8724
2024-10-23,Consolation,6294
2024-10-23,Consolation,2131
2024-10-23,Consolation,5053
2024-10-23,Consolation,7061
2024-10-23,Consolation,5929
2024-10-23,Consolation,5962
2024-10-23,Consolation,1816
2024-10-23,Consolation,5731
2024-10-23,Starter,2179
2024-10-23,Starter,8160
2024-10-23,Starter,7518
2024-10-23,Starter,7985
2024-10-23,Starter,7360
2024-10-23,Starter,0298
2024-10-23,Starter,1594
2024-10-23,Starter,1523
2024-10-23,Starter,0851
2024-10-23,Consolation,6336
2024-10-23,Consolation,0243
2024-10-26,Consolation,7100
2024-10-26,Consolation,3089
2024-10-26,Starter,0121
2024-10-26,Consolation,4057
2024-10-26,1st,9688
2024-10-26,2nd,9749
2024-10-26,3rd,8611
2024-10-26,Consolation,0083
2024-10-26,Starter,0800
2024-10-26,Consolation,7129
2024-10-26,Consolation,8636
2024-10-26,Consolation,5850
2024-10-26,Consolation,2498
2024-10-26,Starter,9160
2024-10-26,Starter,4351
2024-10-26,Starter,6852
2024-10-26,Starter,5019
2024-10-26,Starter,0416
2024-10-26,Starter,4858
2024-10-26,Consolation,6699
2024-10-26,Starter,6819
2024-10-26,Starter,3204
2024-10-26,Consolation,6883
2024-10-27,Starter,2709
2024-10-27,Starter,2759
2024-10-27,Starter,4813
2024-10-27,Starter,0379
2024-10-27,Consolation,2813
2024-10-27,Consolation,0260
2024-10-27,Starter,2197
2024-10-27,Consolation,7593
2024-10-27,Consolation,6484
2024-10-27,Starter,6017
2024-10-27,Consolation,3399
2024-10-27,Starter,0807
2024-10-27,Consolation,6397
2024-10-27,Consolation,1706
2024-10-27,Consolation,6237
2024-10-27,Consolation,0518
2024-10-27,Starter,1900
2024-10-27,Consolation,9617
2024-10-27,Starter,0389
2024-10-27,3rd,4094
2024-10-27,2nd,3571
2024-10-27,1st,1463
2024-10-27,Starter,7806
2024-10-30,Starter,5764
2024-10-30,Starter,8790
2024-10-30,Starter,7204
2024-10-30,Consolation,8815
2024-10-30,Consolation,8493
2024-10-30,Starter,3904
2024-10-30,Starter,9536
2024-10-30,Consolation,9772
2024-10-30,Starter,2895
2024-10-30,Starter,3470
2024-10-30,Starter,2005
2024-10-30,Consolation,2073
2024-10-30,Consolation,7682
2024-10-30,Consolation,4975
2024-10-30,Consolation,6128
2024-10-30,Starter,9480
2024-10-30,Consolation,3103
2024-10-30,Consolation,4007
2024-10-30,Starter,4145
2024-10-30,3rd,2242
2024-10-30,2nd,7650
2024-10-30,1st,1645
2024-10-30,Consolation,0433
2024-11-02,Consolation,0121
2024-11-02,Starter,4602
2024-11-02,Consolation,3038
2024-11-02,Starter,9645
2024-11-02,Starter,9068
2024-11-02,Starter,4673
2024-11-02,Starter,7825
2024-11-02,Starter,7269
2024-11-02,Consolation,2405
2024-11-02,Consolation,1821
2024-11-02,Starter,1354
2024-11-02,Starter,8671
2024-11-02,Consolation,9236
2024-11-02,1st,7689
2024-11-02,Consolation,6606
2024-11-02,Consolation,7555
2024-11-02,Consolation,7768
2024-11-02,Starter,0524
2024-11-02,Starter,1061
2024-11-02,Consolation,3103
2024-11-02,3rd,7973
2024-11-02,Consolation,2804
2024-11-02,2nd,0978
2024-11-03,Consolation,5175
2024-11-03,Consolation,5686
2024-11-03,Starter,7798
2024-11-03,Consolation,0630
2024-11-03,Consolation,8312
2024-11-03,Consolation,4373
2024-11-03,Consolation,1770
2024-11-03,Consolation,3390
2024-11-03,Consolation,4369
2024-11-03,Consolation,1998
2024-11-03,Starter,3191
2024-11-03,Starter,6744
2024-11-03,Starter,5192
2024-11-03,Consolation,4185
2024-11-03,Starter,6778
2024-11-03,3rd,4801
2024-11-03,2nd,2551
2024-11-03,1st,0740
2024-11-03,Starter,3541
2024-11-03,Starter,6323
2024-11-03,Starter,2470
2024-11-03,Starter,0467
2024-11-03,Starter,0624
2024-11-06,Starter,7258
2024-11-06,Consolation,2888
2024-11-06,Consolation,0620
2024-11-06,Consolation,9819
2024-11-06,Starter,5169
2024-11-06,1st,0119
2024-11-06,Consolation,2764
2024-11-06,Consolation,6062
2024-11-06,Consolation,5720
2024-11-06,Starter,9395
2024-11-06,2nd,5171
2024-11-06,3rd,1008
2024-11-06,Starter,7044
2024-11-06,Consolation,0014
2024-11-06,Starter,9376
2024-11-06,Consolation,6454
2024-11-06,Starter,4903
2024-11-06,Consolation,5154
2024-11-06,Starter,1161
2024-11-06,Starter,4706
2024-11-06,Consolation,1047
2024-11-06,Starter,2988
2024-11-06,Starter,1228
2024-11-09,Consolation,9364
2024-11-09,Consolation,5133
2024-11-09,Consolation,3932
2024-11-09,Consolation,5185
2024-11-09,1st,1783
2024-11-09,2nd,5841
2024-11-09,3rd,1718
2024-11-09,Consolation,4559
2024-11-09,Consolation,7298
2024-11-09,Consolation,2355
2024-11-09,Consolation,4820
2024-11-09,Consolation,8385
2024-11-09,Starter,5655
2024-11-09,Consolation,4047
2024-11-09,Starter,8211
2024-11-09,Starter,5565
2024-11-09,Starter,6328
2024-11-09,Starter,2374
2024-11-09,Starter,3106
2024-11-09,Starter,2196
2024-11-09,Starter,7090
2024-11-09,Starter,5991
2024-11-09,Starter,1454
2024-11-10,Starter,1932
2024-11-10,3rd,8589
2024-11-10,2nd,2758
2024-11-10,1st,4223
2024-11-10,Starter,7321
2024-11-10,Consolation,9460
2024-11-10,Consolation,9268
2024-11-10,Starter,1313
2024-11-10,Starter,2112
2024-11-10,Starter,2194
2024-11-10,Starter,0675
2024-11-10,Consolation,0081
2024-11-10,Starter,4876
2024-11-10,Consolation,5570
2024-11-10,Consolation,6691
2024-11-10,Consolation,8201
2024-11-10,Consolation,1256
2024-11-10,Starter,6699
2024-11-10,Starter,7024
2024-11-10,Consolation,1181
2024-11-10,Starter,0663
2024-11-10,Consolation,8287
2024-11-10,Consolation,3507
2024-11-13,Consolation,9624
2024-11-13,Consolation,1323
2024-11-13,Consolation,4828
2024-11-13,Consolation,0994
2024-11-13,Consolation,6608
2024-11-13,3rd,7173
2024-11-13,2nd,9091
2024-11-13,1st,9133
2024-11-13,Consolation,1428
2024-11-13,Starter,9329
2024-11-13,Consolation,6417
2024-11-13,Starter,5748
2024-11-13,Starter,6353
2024-11-13,Consolation,4220
2024-11-13,Starter,3766
2024-11-13,Consolation,9205
2024-11-13,Starter,2550
2024-11-13,Starter,1284
2024-11-13,Starter,7550
2024-11-13,Starter,4517
2024-11-13,Starter,0974
2024-11-13,Starter,6841
2024-11-13,Consolation,0599
2024-11-16,Starter,6991
2024-11-16,Starter,7615
2024-11-16,2nd,4966
2024-11-16,1st,8078
2024-11-16,3rd,7131
2024-11-16,Starter,7643
2024-11-16,Starter,1629
2024-11-16,Starter,7746
2024-11-16,Starter,0313
2024-11-16,Consolation,4528
2024-11-16,Consolation,2757
2024-11-16,Consolation,4087
2024-11-16,Consolation,3449
2024-11-16,Consolation,2689
2024-11-16,Consolation,4552
2024-11-16,Consolation,7542
2024-11-16,Starter,2892
2024-11-16,Consolation,8858
2024-11-16,Consolation,1175
2024-11-16,Starter,1917
2024-11-16,Consolation,1505
2024-11-16,Starter,8750
2024-11-16,Starter,2876
2024-11-17,Consolation,7344
2024-11-17,1st,7571
2024-11-17,2nd,4676
2024-11-17,3rd,2678
2024-11-17,Consolation,2037
2024-11-17,Consolation,9937
2024-11-17,Starter,1705
2024-11-17,Starter,2374
2024-11-17,Starter,3127
2024-11-17,Starter,5814
2024-11-17,Consolation,1245
2024-11-17,Consolation,1199
2024-11-17,Starter,9290
2024-11-17,Starter,7422
2024-11-17,Starter,3702
2024-11-17,Consolation,6755
2024-11-17,Consolation,5881
2024-11-17,Starter,7296
2024-11-17,Starter,1691
2024-11-17,Consolation,2652
2024-11-17,Consolation,4921
2024-11-17,Consolation,2758
2024-11-17,Starter,8520
2024-11-20,Starter,8839
2024-11-20,Starter,4315
2024-11-20,Starter,5324
2024-11-20,Starter,7737
2024-11-20,Starter,7058
2024-11-20,1st,3256
2024-11-20,2nd,0000
2024-11-20,3rd,4930
2024-11-20,Starter,5574
2024-11-20,Starter,0262
2024-11-20,Starter,6207
2024-11-20,Starter,0732
2024-11-20,Consolation,9038
2024-11-20,Consolation,8470
2024-11-20,Consolation,6231
2024-11-20,Consolation,7906
2024-11-20,Consolation,6044
2024-11-20,Consolation,6470
2024-11-20,Starter,3688
2024-11-20,Consolation,9859
2024-11-20,Consolation,5719
2024-11-20,Consolation,3868
2024-11-20,Consolation,7793
2024-11-23,3rd,5985
2024-11-23,Consolation,2488
2024-11-23,Starter,3190
2024-11-23,Consolation,2841
2024-11-23,Starter,8027
2024-11-23,Starter,6725
2024-11-23,Starter,9623
2024-11-23,Consolation,9682
2024-11-23,Starter,3185
2024-11-23,Consolation,4553
2024-11-23,Starter,2763
2024-11-23,1st,4823
2024-11-23,Starter,0247
2024-11-23,Consolation,8233
2024-11-23,Starter,4734
2024-11-23,Consolation,7837
2024-11-23,Consolation,5012
2024-11-23,Starter,1696
2024-11-23,Consolation,0732
2024-11-23,Consolation,4114
2024-11-23,2nd,6725
2024-11-23,Consolation,1407
2024-11-23,Starter,3414
2024-11-24,Starter,8361
2024-11-24,Consolation,7383
2024-11-24,Consolation,0172
2024-11-24,Consolation,0237
2024-11-24,Starter,5640
2024-11-24,Starter,7866
2024-11-24,Starter,3609
2024-11-24,Consolation,4546
2024-11-24,Consolation,7729
2024-11-24,Consolation,8006
2024-11-24,Consolation,1708
2024-11-24,Consolation,8363
2024-11-24,Starter,7019
2024-11-24,Consolation,1490
2024-11-24,1st,5392
2024-11-24,Starter,2942
2024-11-24,Starter,3567
2024-11-24,Starter,2402
2024-11-24,Consolation,9046
2024-11-24,Starter,7288
2024-11-24,3rd,2588
2024-11-24,2nd,7225
2024-11-24,Starter,5212
2024-11-27,Consolation,1850
2024-11-27,Consolation,5029
2024-11-27,Consolation,5125
2024-11-27,Consolation,0041
2024-11-27,Consolation,8796
2024-11-27,Consolation,5575
2024-11-27,Consolation,5999
2024-11-27,Consolation,7570
2024-11-27,Consolation,1365
2024-11-27,Consolation,5307
2024-11-27,Starter,1340
2024-11-27,Starter,9286
2024-11-27,Starter,9340
2024-11-27,Starter,8831
2024-11-27,Starter,0370
2024-11-27,1st,5217
2024-11-27,3rd,1918
2024-11-27,Starter,3155
2024-11-27,2nd,1575
2024-11-27,Starter,7116
2024-11-27,Starter,7550
2024-11-27,Starter,8582
2024-11-27,Starter,4681
2024-11-30,Consolation,5431
2024-11-30,Consolation,1627
2024-11-30,Consolation,6701
2024-11-30,Starter,7735
2024-11-30,Consolation,3128
2024-11-30,Consolation,9222
2024-11-30,Consolation,1530
2024-11-30,Consolation,7087
2024-11-30,Consolation,2622
2024-11-30,Consolation,6891
2024-11-30,Consolation,4023
2024-11-30,Starter,8664
2024-11-30,Starter,0644
2024-11-30,Starter,1400
2024-11-30,Starter,0111
2024-11-30,Starter,4194
2024-11-30,Starter,5069
2024-11-30,Starter,5464
2024-11-30,Starter,4630
2024-11-30,1st,4625
2024-11-30,2nd,2729
2024-11-30,Starter,9417
2024-11-30,3rd,9950
2024-12-01,Consolation,7990
2024-12-01,Consolation,8509
2024-12-01,Consolation,3526
2024-12-01,Consolation,3586
2024-12-01,Starter,9189
2024-12-01,Starter,2841
2024-12-01,Starter,7774
2024-12-01,Consolation,9889
2024-12-01,Consolation,9921
2024-12-01,Consolation,0514
2024-12-01,Starter,2420
2024-12-01,Starter,2783
2024-12-01,Starter,7251
2024-12-01,Consolation,9935
2024-12-01,Consolation,7746
2024-12-01,Starter,3689
2024-12-01,Starter,3736
2024-12-01,Starter,3753
2024-12-01,2nd,2288
2024-12-01,1st,8682
2024-12-01,Starter,2790
2024-12-01,Consolation,7660
2024-12-01,3rd,4656
2024-12-04,Starter,4356
2024-12-04,Starter,6331
2024-12-04,Starter,6126
2024-12-04,Starter,5681
2024-12-04,1st,9053
2024-12-04,Consolation,1711
2024-12-04,Starter,0660
2024-12-04,Starter,6455
2024-12-04,Consolation,2087
2024-12-04,Consolation,2258
2024-12-04,Consolation,5058
2024-12-04,Starter,9693
2024-12-04,Starter,8154
2024-12-04,Consolation,6067
2024-12-04,Consolation,7131
2024-12-04,Consolation,9668
2024-12-04,Consolation,9901
2024-12-04,Consolation,2827
2024-12-04,Starter,9933
2024-12-04,2nd,4455
2024-12-04,3rd,5520
2024-12-04,Consolation,4476
2024-12-04,Starter,4653
2024-12-07,Consolation,6262
2024-12-07,Starter,7060
2024-12-07,Consolation,9692
2024-12-07,Consolation,7922
2024-12-07,Starter,2629
2024-12-07,Starter,4999
2024-12-07,Starter,5959
2024-12-07,Consolation,3699
2024-12-07,Starter,5758
2024-12-07,Consolation,1495
2024-12-07,Consolation,7088
2024-12-07,Consolation,4640
2024-12-07,Consolation,4400
2024-12-07,Starter,0172
2024-12-07,Starter,1991
2024-12-07,3rd,5600
2024-12-07,2nd,9039
2024-12-07,1st,5929
2024-12-07,Consolation,4841
2024-12-07,Consolation,3860
2024-12-07,Starter,0929
2024-12-07,Starter,1197
2024-12-07,Starter,4284
2024-12-08,Starter,0404
2024-12-08,Starter,9584
2024-12-08,Starter,1430
2024-12-08,Starter,2377
2024-12-08,Consolation,8412
2024-12-08,Consolation,8231
2024-12-08,Starter,7393
2024-12-08,Starter,6841
2024-12-08,Starter,7532
2024-12-08,Consolation,7537
2024-12-08,Consolation,1721
2024-12-08,Consolation,0407
2024-12-08,Consolation,0440
2024-12-08,Starter,9173
2024-12-08,Starter,5854
2024-12-08,Consolation,2212
2024-12-08,Consolation,4808
2024-12-08,Starter,9187
2024-12-08,Consolation,8051
2024-12-08,3rd,6485
2024-12-08,2nd,9357
2024-12-08,1st,3239
2024-12-08,Consolation,2144
2024-12-11,Starter,8070
2024-12-11,Starter,9913
2024-12-11,Consolation,4613
2024-12-11,Starter,5040
2024-12-11,Consolation,4863
2024-12-11,Starter,3254
2024-12-11,Consolation,4100
2024-12-11,Starter,8430
2024-12-11,Starter,9657
2024-12-11,Starter,4744
2024-12-11,Starter,9104
2024-12-11,Consolation,5763
2024-12-11,Consolation,8820
2024-12-11,Consolation,5642
2024-12-11,1st,0841
2024-12-11,2nd,4422
2024-12-11,3rd,9561
2024-12-11,Consolation,7832
2024-12-11,Consolation,6452
2024-12-11,Consolation,8410
2024-12-11,Consolation,8186
2024-12-11,Starter,1232
2024-12-11,Starter,9662
2024-12-14,1st,2700
2024-12-14,2nd,1324
2024-12-14,3rd,3471
2024-12-14,Consolation,4037
2024-12-14,Consolation,9624
2024-12-14,Starter,1323
2024-12-14,Consolation,0833
2024-12-14,Consolation,2334
2024-12-14,Consolation,2751
2024-12-14,Consolation,4739
2024-12-14,Starter,6388
2024-12-14,Consolation,6815
2024-12-14,Starter,4298
2024-12-14,Consolation,1524
2024-12-14,Consolation,8254
2024-12-14,Starter,2689
2024-12-14,Starter,7671
2024-12-14,Starter,6322
2024-12-14,Starter,8401
2024-12-14,Starter,1766
2024-12-14,Starter,3022
2024-12-14,Starter,8502
2024-12-14,Consolation,4454
2024-12-15,3rd,1014
2024-12-15,2nd,3705
2024-12-15,Consolation,3324
2024-12-15,Consolation,6711
2024-12-15,Consolation,3350
2024-12-15,Consolation,3709
2024-12-15,Consolation,4749
2024-12-15,Consolation,5311
2024-12-15,1st,1599
2024-12-15,Consolation,2997
2024-12-15,Consolation,1392
2024-12-15,Starter,0759
2024-12-15,Starter,8011
2024-12-15,Starter,7171
2024-12-15,Starter,6314
2024-12-15,Starter,6075
2024-12-15,Consolation,9576
2024-12-15,Starter,5748
2024-12-15,Consolation,6352
2024-12-15,Starter,4813
2024-12-15,Starter,8827
2024-12-15,Starter,8566
2024-12-15,Starter,4229
2024-12-18,Consolation,3299
2024-12-18,Consolation,0056
2024-12-18,Consolation,9882
2024-12-18,Consolation,3773
2024-12-18,Starter,3106
2024-12-18,1st,9581
2024-12-18,2nd,2781
2024-12-18,Consolation,4802
2024-12-18,Consolation,0621
2024-12-18,Starter,4692
2024-12-18,Consolation,6953
2024-12-18,Consolation,6890
2024-12-18,Consolation,6124
2024-12-18,Starter,6992
2024-12-18,Starter,5038
2024-12-18,Starter,6780
2024-12-18,Starter,3453
2024-12-18,Starter,8272
2024-12-18,Starter,1817
2024-12-18,Starter,1382
2024-12-18,Consolation,0279
2024-12-18,Starter,2887
2024-12-18,3rd,5818
2024-12-21,2nd,8846
2024-12-21,3rd,2415
2024-12-21,1st,3259
2024-12-21,Consolation,1030
2024-12-21,Starter,6184
2024-12-21,Consolation,1002
2024-12-21,Consolation,9244
2024-12-21,Consolation,7199
2024-12-21,Consolation,5065
2024-12-21,Consolation,3482
2024-12-21,Consolation,0621
2024-12-21,Starter,6666
2024-12-21,Consolation,1947
2024-12-21,Starter,6750
2024-12-21,Starter,3343
2024-12-21,Starter,3511
2024-12-21,Starter,3720
2024-12-21,Consolation,9472
2024-12-21,Consolation,0059
2024-12-21,Starter,6401
2024-12-21,Starter,4905
2024-12-21,Starter,6875
2024-12-21,Starter,9952
2024-12-22,Starter,1216
2024-12-22,2nd,7616
2024-12-22,3rd,1705
2024-12-22,1st,5497
2024-12-22,Starter,6124
2024-12-22,Starter,3096
2024-12-22,Starter,2734
2024-12-22,Starter,6927
2024-12-22,Starter,7733
2024-12-22,Starter,2567
2024-12-22,Starter,7985
2024-12-22,Consolation,9390
2024-12-22,Consolation,1517
2024-12-22,Consolation,9267
2024-12-22,Consolation,8893
2024-12-22,Consolation,8541
2024-12-22,Consolation,7238
2024-12-22,Consolation,1017
2024-12-22,Starter,1023
2024-12-22,Starter,7147
2024-12-22,Consolation,0508
2024-12-22,Consolation,0475
2024-12-22,Consolation,0503
2024-12-25,Consolation,6665
2024-12-25,Consolation,4356
2024-12-25,Consolation,4318
2024-12-25,Consolation,3292
2024-12-25,Starter,5117
2024-12-25,Consolation,4083
2024-12-25,3rd,7064
2024-12-25,Consolation,7094
2024-12-25,Consolation,7411
2024-12-25,Starter,1711
2024-12-25,Starter,5381
2024-12-25,Starter,6447
2024-12-25,Consolation,0310
2024-12-25,Starter,9373
2024-12-25,Starter,7601
2024-12-25,2nd,0228
2024-12-25,Starter,2845
2024-12-25,Starter,3220
2024-12-25,Starter,7879
2024-12-25,Starter,8891
2024-12-25,Consolation,3774
2024-12-25,1st,5374
2024-12-25,Consolation,1810
2024-12-28,Consolation,7594
2024-12-28,Consolation,0477
2024-12-28,Starter,4932
2024-12-28,Starter,3882
2024-12-28,Consolation,2299
2024-12-28,Consolation,9167
2024-12-28,Consolation,4244
2024-12-28,Consolation,7174
2024-12-28,Starter,6895
2024-12-28,Starter,7674
2024-12-28,Consolation,2517
2024-12-28,Starter,3379
2024-12-28,Starter,4346
2024-12-28,Starter,3190
2024-12-28,Consolation,0823
2024-12-28,Consolation,1324
2024-12-28,3rd,4351
2024-12-28,2nd,4689
2024-12-28,1st,0175
2024-12-28,Starter,1710
2024-12-28,Starter,3254
2024-12-28,Starter,0791
2024-12-28,Consolation,9880
2024-12-29,Starter,2445
2024-12-29,Consolation,2885
2024-12-29,Consolation,1376
2024-12-29,Consolation,9355
2024-12-29,Consolation,8465
2024-12-29,1st,6777
2024-12-29,2nd,2996
2024-12-29,3rd,7843
2024-12-29,Consolation,1038
2024-12-29,Starter,3278
2024-12-29,Consolation,4072
2024-12-29,Starter,2867
2024-12-29,Starter,8468
2024-12-29,Starter,8941
2024-12-29,Starter,4434
2024-12-29,Starter,4077
2024-12-29,Starter,4822
2024-12-29,Consolation,7190
2024-12-29,Starter,2721
2024-12-29,Consolation,3530
2024-12-29,Consolation,3319
2024-12-29,Consolation,6877
2024-12-29,Starter,8337
2025-01-01,Consolation,6465
2025-01-01,Consolation,6661
2025-01-01,Consolation,1493
2025-01-01,Consolation,3223
2025-01-01,3rd,5619
2025-01-01,Consolation,1334
2025-01-01,Consolation,2553
2025-01-01,Consolation,8504
2025-01-01,Consolation,5861
2025-01-01,Consolation,6297
2025-01-01,Starter,0247
2025-01-01,Starter,9654
2025-01-01,Starter,0199
2025-01-01,Starter,0563
2025-01-01,1st,7293
2025-01-01,Starter,4229
2025-01-01,Starter,5390
2025-01-01,Starter,6400
2025-01-01,Consolation,4089
2025-01-01,Starter,9313
2025-01-01,Starter,9239
2025-01-01,2nd,4559
2025-01-01,Starter,2512
2025-01-04,Consolation,9499
2025-01-04,1st,2679
2025-01-04,Consolation,2190
2025-01-04,Consolation,6963
2025-01-04,Starter,8646
2025-01-04,Consolation,9685
2025-01-04,Consolation,6706
2025-01-04,Consolation,7784
2025-01-04,Consolation,8874
2025-01-04,Starter,3060
2025-01-04,Starter,4764
2025-01-04,3rd,0842
2025-01-04,Consolation,9497
2025-01-04,Starter,5699
2025-01-04,Starter,5691
2025-01-04,Starter,8796
2025-01-04,Starter,8042
2025-01-04,Consolation,1348
2025-01-04,Starter,1809
2025-01-04,Starter,8477
2025-01-04,Starter,6969
2025-01-04,2nd,3800
2025-01-04,Consolation,7541
2025-01-05,3rd,1936
2025-01-05,Starter,9906
2025-01-05,Consolation,4669
2025-01-05,Consolation,8372
2025-01-05,Consolation,7908
2025-01-05,2nd,5975
2025-01-05,1st,5256
2025-01-05,Consolation,8028
2025-01-05,Consolation,6426
2025-01-05,Consolation,8859
2025-01-05,Starter,7473
2025-01-05,Consolation,5863
2025-01-05,Starter,6376
2025-01-05,Consolation,0218
2025-01-05,Starter,2171
2025-01-05,Starter,0392
2025-01-05,Starter,5954
2025-01-05,Starter,2793
2025-01-05,Starter,7187
2025-01-05,Starter,1147
2025-01-05,Consolation,9238
2025-01-05,Consolation,4263
2025-01-05,Starter,4441
2025-01-08,Consolation,1813
2025-01-08,Starter,2719
2025-01-08,1st,8975
2025-01-08,Consolation,4754
2025-01-08,2nd,1787
2025-01-08,3rd,1566
2025-01-08,Consolation,6292
2025-01-08,Consolation,9818
2025-01-08,Consolation,6952
2025-01-08,Consolation,4050
2025-01-08,Consolation,8831
2025-01-08,Consolation,9291
2025-01-08,Starter,8151
2025-01-08,Starter,1812
2025-01-08,Starter,7157
2025-01-08,Starter,6300
2025-01-08,Starter,1604
2025-01-08,Starter,6797
2025-01-08,Starter,4068
2025-01-08,Consolation,8296
2025-01-08,Starter,1841
2025-01-08,Consolation,0875
2025-01-08,Starter,1714
2025-01-11,1st,5263
2025-01-11,Consolation,8832
2025-01-11,Starter,1204
2025-01-11,Consolation,7653
2025-01-11,Consolation,9841
2025-01-11,Consolation,2759
2025-01-11,Consolation,2703
2025-01-11,Consolation,3841
2025-01-11,3rd,6401
2025-01-11,2nd,0328
2025-01-11,Starter,1437
2025-01-11,Starter,9867
2025-01-11,Starter,4767
2025-01-11,Starter,5643
2025-01-11,Starter,5349
2025-01-11,Consolation,1595
2025-01-11,Consolation,7875
2025-01-11,Consolation,3898
2025-01-11,Starter,0636
2025-01-11,Consolation,3909
2025-01-11,Starter,3859
2025-01-11,Starter,4372
2025-01-11,Starter,0038
2025-01-12,Consolation,1044
2025-01-12,3rd,6864
2025-01-12,2nd,1766
2025-01-12,1st,8504
2025-01-12,Consolation,9811
2025-01-12,Consolation,1450
2025-01-12,Starter,1345
2025-01-12,Consolation,7714
2025-01-12,Starter,0399
2025-01-12,Starter,9480
2025-01-12,Starter,7910
2025-01-12,Starter,6435
2025-01-12,Starter,7499
2025-01-12,Starter,9814
2025-01-12,Starter,9304
2025-01-12,Starter,6380
2025-01-12,Consolation,2501
2025-01-12,Consolation,0485
2025-01-12,Consolation,3307
2025-01-12,Consolation,9070
2025-01-12,Starter,0303
2025-01-12,Consolation,5126
2025-01-12,Consolation,6383
2025-01-15,Consolation,4368
2025-01-15,Consolation,4906
2025-01-15,Consolation,5604
2025-01-15,3rd,4606
2025-01-15,Consolation,6279
2025-01-15,Consolation,2586
2025-01-15,Consolation,2894
2025-01-15,Consolation,3405
2025-01-15,Starter,6066
2025-01-15,Consolation,4284
2025-01-15,Starter,7920
2025-01-15,Starter,0840
2025-01-15,2nd,8143
2025-01-15,1st,5832
2025-01-15,Starter,3701
2025-01-15,Starter,5173
2025-01-15,Starter,5456
2025-01-15,Consolation,7373
2025-01-15,Consolation,1565
2025-01-15,Starter,6614
2025-01-15,Starter,0750
2025-01-15,Starter,7359
2025-01-15,Starter,1698
2025-01-18,3rd,2327
2025-01-18,2nd,6562
2025-01-18,1st,9858
2025-01-18,Starter,7244
2025-01-18,Starter,5558
2025-01-18,Starter,3966
2025-01-18,Starter,9952
2025-01-18,Starter,4907
2025-01-18,Starter,5042
2025-01-18,Starter,5818
2025-01-18,Consolation,8127
2025-01-18,Consolation,0408
2025-01-18,Consolation,3547
2025-01-18,Starter,4042
2025-01-18,Consolation,7443
2025-01-18,Consolation,6293
2025-01-18,Consolation,5941
2025-01-18,Starter,0010
2025-01-18,Consolation,8699
2025-01-18,Consolation,2307
2025-01-18,Consolation,2108
2025-01-18,Consolation,3454
2025-01-18,Starter,3507
2025-01-19,Starter,5012
2025-01-19,Starter,6748
2025-01-19,Starter,8938
2025-01-19,1st,3891
2025-01-19,Consolation,0489
2025-01-19,Consolation,7047
2025-01-19,Starter,3592
2025-01-19,Consolation,6239
2025-01-19,Starter,1536
2025-01-19,Starter,3865
2025-01-19,Consolation,6450
2025-01-19,Consolation,8888
2025-01-19,3rd,3306
2025-01-19,Starter,9914
2025-01-19,Consolation,2531
2025-01-19,Consolation,3357
2025-01-19,Consolation,5541
2025-01-19,Starter,2038
2025-01-19,Starter,8960
2025-01-19,Consolation,6878
2025-01-19,Consolation,8437
2025-01-19,2nd,4872
2025-01-19,Starter,9172
2025-01-22,3rd,6258
2025-01-22,2nd,8670
2025-01-22,1st,5416
2025-01-22,Starter,0313
2025-01-22,Starter,1735
2025-01-22,Starter,0583
2025-01-22,Consolation,2607
2025-01-22,Consolation,1946
2025-01-22,Consolation,1609
2025-01-22,Starter,5216
2025-01-22,Consolation,0760
2025-01-22,Consolation,8456
2025-01-22,Starter,3741
2025-01-22,Starter,5221
2025-01-22,Starter,6698
2025-01-22,Consolation,6917
2025-01-22,Starter,7947
2025-01-22,Consolation,6621
2025-01-22,Consolation,8094
2025-01-22,Starter,0281
2025-01-22,Starter,9441
2025-01-22,Consolation,6714
2025-01-22,Consolation,3184
2025-01-25,Starter,6903
2025-01-25,Consolation,9557
2025-01-25,1st,1222
2025-01-25,Starter,2350
2025-01-25,3rd,8970
2025-01-25,Consolation,1891
2025-01-25,Consolation,8353
2025-01-25,Consolation,7002
2025-01-25,Starter,2123
2025-01-25,Consolation,4495
2025-01-25,Consolation,9359
2025-01-25,Starter,5082
2025-01-25,Starter,2605
2025-01-25,Consolation,2100
2025-01-25,2nd,1689
2025-01-25,Consolation,9676
2025-01-25,Starter,3536
2025-01-25,Starter,0470
2025-01-25,Starter,9332
2025-01-25,Consolation,1471
2025-01-25,Starter,8102
2025-01-25,Consolation,6113
2025-01-25,Starter,0610
2025-01-26,Starter,3654
2025-01-26,Consolation,8737
2025-01-26,Consolation,4299
2025-01-26,3rd,9626
2025-01-26,Consolation,6949
2025-01-26,Starter,2290
2025-01-26,Consolation,3969
2025-01-26,Consolation,7640
2025-01-26,Consolation,2865
2025-01-26,Consolation,3455
2025-01-26,Starter,6098
2025-01-26,Consolation,7004
2025-01-26,Consolation,5468
2025-01-26,2nd,4941
2025-01-26,Starter,2980
2025-01-26,Starter,6619
2025-01-26,Starter,6351
2025-01-26,Starter,4444
2025-01-26,Starter,6937
2025-01-26,Consolation,4531
2025-01-26,Starter,2409
2025-01-26,Starter,3633
2025-01-26,1st,2782
2025-01-29,Consolation,0083
2025-01-29,Consolation,9218
2025-01-29,Consolation,1852
2025-01-29,Consolation,6727
2025-01-29,Consolation,5803
2025-01-29,Consolation,5165
2025-01-29,Consolation,7990
2025-01-29,Starter,6942
2025-01-29,Consolation,9772
2025-01-29,Starter,3306
2025-01-29,Starter,5031
2025-01-29,Starter,9371
2025-01-29,3rd,1971
2025-01-29,Consolation,6586
2025-01-29,Starter,7485
2025-01-29,Starter,3748
2025-01-29,Starter,8938
2025-01-29,Consolation,7173
2025-01-29,Starter,7546
2025-01-29,Starter,4146
2025-01-29,1st,0733
2025-01-29,Starter,3440
2025-01-29,2nd,1828
2025-02-01,2nd,9894
2025-02-01,Starter,2897
2025-02-01,Consolation,7654
2025-02-01,Starter,2508
2025-02-01,Starter,9528
2025-02-01,Consolation,4576
2025-02-01,Consolation,0669
2025-02-01,Consolation,3653
2025-02-01,Starter,6478
2025-02-01,Consolation,0740
2025-02-01,Starter,7633
2025-02-01,3rd,1152
2025-02-01,Starter,1216
2025-02-01,Consolation,4909
2025-02-01,Consolation,6259
2025-02-01,Consolation,1327
2025-02-01,1st,8383
2025-02-01,Consolation,7939
2025-02-01,Starter,1544
2025-02-01,Starter,6714
2025-02-01,Starter,3131
2025-02-01,Consolation,8457
2025-02-01,Starter,1604
2025-02-02,Consolation,1614
2025-02-02,Consolation,2146
2025-02-02,Consolation,2170
2025-02-02,Consolation,1234
2025-02-02,3rd,1841
2025-02-02,1st,9800
2025-02-02,Consolation,4180
2025-02-02,Consolation,4538
2025-02-02,Consolation,6302
2025-02-02,Starter,8451
2025-02-02,Starter,7006
2025-02-02,Starter,7099
2025-02-02,Starter,6497
2025-02-02,Starter,6212
2025-02-02,Starter,4452
2025-02-02,Starter,1427
2025-02-02,Starter,0593
2025-02-02,Starter,4839
2025-02-02,Consolation,3883
2025-02-02,Consolation,3594
2025-02-02,Starter,8304
2025-02-02,2nd,3238
2025-02-02,Consolation,8374
2025-02-05,Consolation,6261
2025-02-05,Consolation,5566
2025-02-05,Consolation,5558
2025-02-05,Starter,3217
2025-02-05,Starter,8874
2025-02-05,1st,2079
2025-02-05,2nd,2646
2025-02-05,3rd,2294
2025-02-05,Consolation,9154
2025-02-05,Consolation,6718
2025-02-05,Starter,3995
2025-02-05,Consolation,1101
2025-02-05,Consolation,3761
2025-02-05,Consolation,9651
2025-02-05,Starter,8277
2025-02-05,Consolation,0173
2025-02-05,Consolation,6990
2025-02-05,Starter,0717
2025-02-05,Starter,5738
2025-02-05,Starter,5879
2025-02-05,Starter,6165
2025-02-05,Starter,8811
2025-02-05,Starter,5488
2025-02-08,Starter,3687
2025-02-08,Consolation,6298
2025-02-08,Consolation,5831
2025-02-08,3rd,4720
2025-02-08,Consolation,3091
2025-02-08,2nd,0822
2025-02-08,1st,9285
2025-02-08,Consolation,4868
2025-02-08,Starter,9643
2025-02-08,Consolation,2132
2025-02-08,Consolation,6548
2025-02-08,Consolation,8792
2025-02-08,Consolation,9775
2025-02-08,Consolation,9188
2025-02-08,Starter,3093
2025-02-08,Starter,3924
2025-02-08,Starter,6792
2025-02-08,Consolation,4134
2025-02-08,Starter,7283
2025-02-08,Starter,9778
2025-02-08,Starter,8922
2025-02-08,Starter,5593
2025-02-08,Starter,5068
2025-02-09,Starter,1336
2025-02-09,Starter,5542
2025-02-09,1st,3388
2025-02-09,Consolation,9060
2025-02-09,Consolation,2981
2025-02-09,Consolation,7061
2025-02-09,Starter,7660
2025-02-09,Consolation,0243
2025-02-09,Starter,0954
2025-02-09,Consolation,8740
2025-02-09,Starter,5754
2025-02-09,Starter,3991
2025-02-09,Starter,2243
2025-02-09,3rd,0858
2025-02-09,Starter,8783
2025-02-09,Starter,5697
2025-02-09,Consolation,8687
2025-02-09,2nd,2867
2025-02-09,Consolation,4353
2025-02-09,Starter,4480
2025-02-09,Consolation,6992
2025-02-09,Consolation,1175
2025-02-09,Consolation,9795
2025-02-12,Consolation,0930
2025-02-12,Consolation,7494
2025-02-12,Consolation,6175
2025-02-12,Consolation,4107
2025-02-12,3rd,2992
2025-02-12,Starter,7191
2025-02-12,2nd,8545
2025-02-12,Consolation,8874
2025-02-12,Consolation,8858
2025-02-12,Consolation,3118
2025-02-12,1st,7164
2025-02-12,Consolation,9199
2025-02-12,Consolation,9435
2025-02-12,Starter,0958
2025-02-12,Starter,1771
2025-02-12,Starter,3283
2025-02-12,Starter,8159
2025-02-12,Starter,4874
2025-02-12,Starter,8025
2025-02-12,Starter,9478
2025-02-12,Starter,9977
2025-02-12,Consolation,9787
2025-02-15,Starter,7097
2025-02-15,1st,9899
2025-02-15,Starter,9713
2025-02-15,Starter,9863
2025-02-15,Consolation,1683
2025-02-15,Consolation,2262
2025-02-15,Consolation,9347
2025-02-15,Starter,9621
2025-02-15,Consolation,7233
2025-02-15,Starter,7350
2025-02-15,Consolation,6918
2025-02-15,3rd,0266
2025-02-15,Starter,9576
2025-02-15,Starter,2858
2025-02-15,Starter,6433
2025-02-15,Consolation,9479
2025-02-15,Starter,0531
2025-02-15,Consolation,0181
2025-02-15,Consolation,1257
2025-02-15,Consolation,1207
2025-02-15,2nd,6464
2025-02-15,Starter,8019
2025-02-15,Consolation,8308
2025-02-16,Consolation,4525
2025-02-16,Consolation,8010
2025-02-16,Starter,9950
2025-02-16,Starter,7117
2025-02-16,Consolation,7178
2025-02-16,3rd,4143
2025-02-16,Consolation,7912
2025-02-16,Consolation,6634
2025-02-16,Consolation,1330
2025-02-16,Consolation,0240
2025-02-16,Consolation,1940
2025-02-16,Starter,6784
2025-02-16,Starter,4297
2025-02-16,Consolation,4984
2025-02-16,Starter,2169
2025-02-16,Starter,9995
2025-02-16,1st,7539
2025-02-16,Consolation,4526
2025-02-16,Starter,0557
2025-02-16,Starter,3985
2025-02-16,2nd,3829
2025-02-16,Starter,4539
2025-02-16,Starter,7610
2025-02-19,Starter,1435
2025-02-19,Starter,5762
2025-02-19,Starter,5170
2025-02-19,Starter,1336
2025-02-19,Consolation,2124
2025-02-19,Starter,3251
2025-02-19,3rd,7394
2025-02-19,Consolation,3946
2025-02-19,Consolation,4936
2025-02-19,Consolation,2337
2025-02-19,2nd,0080
2025-02-19,Consolation,5086
2025-02-19,Starter,9246
2025-02-19,Starter,8718
2025-02-19,Consolation,7886
2025-02-19,Consolation,7291
2025-02-19,Starter,7524
2025-02-19,Consolation,6444
2025-02-19,Starter,7692
2025-02-19,Starter,6780
2025-02-19,Consolation,1696
2025-02-19,1st,3419
2025-02-22,Consolation,9306
2025-02-22,Consolation,6285
2025-02-22,Consolation,0657
2025-02-22,Consolation,0849
2025-02-22,Consolation,0458
2025-02-22,Starter,2041
2025-02-22,Consolation,6335
2025-02-22,Consolation,9585
2025-02-22,Starter,5917
2025-02-22,Starter,9848
2025-02-22,Consolation,2610
2025-02-22,Starter,9336
2025-02-22,Starter,8471
2025-02-22,Starter,7796
2025-02-22,Starter,6752
2025-02-22,Starter,3433
2025-02-22,Starter,9675
2025-02-22,1st,7325
2025-02-22,Consolation,0528
2025-02-22,Consolation,9099
2025-02-22,3rd,3834
2025-02-22,2nd,8407
2025-02-22,Starter,6203
2025-02-23,Consolation,3855
2025-02-23,Consolation,0000
2025-02-23,Starter,1081
2025-02-23,Starter,1414
2025-02-23,2nd,3874
2025-02-23,Consolation,6465
2025-02-23,Consolation,5887
2025-02-23,Consolation,1399
2025-02-23,Consolation,3890
2025-02-23,3rd,4593
2025-02-23,Consolation,4042
2025-02-23,Starter,2238
2025-02-23,Starter,0235
2025-02-23,Starter,7755
2025-02-23,Starter,2415
2025-02-23,Consolation,8456
2025-02-23,Consolation,3220
2025-02-23,Consolation,0025
2025-02-23,Starter,6260
2025-02-23,Starter,2607
2025-02-23,Starter,3038
2025-02-23,Starter,9773
2025-02-23,1st,6666
2025-02-26,Consolation,1859
2025-02-26,Consolation,1874
2025-02-26,Consolation,2718
2025-02-26,Consolation,2941
2025-02-26,Consolation,4797
2025-02-26,Consolation,6372
2025-02-26,Consolation,7649
2025-02-26,Starter,5436
2025-02-26,Consolation,9380
2025-02-26,Consolation,0058
2025-02-26,Starter,6861
2025-02-26,Starter,2904
2025-02-26,Starter,3551
2025-02-26,Starter,1079
2025-02-26,Starter,1403
2025-02-26,Starter,9233
2025-02-26,Starter,4952
2025-02-26,Consolation,9873
2025-02-26,Starter,5339
2025-02-26,Starter,0567
2025-02-26,1st,5404
2025-02-26,2nd,1956
2025-02-26,3rd,9746
2025-03-01,Starter,4617
2025-03-01,Starter,5558
2025-03-01,Starter,0046
2025-03-01,Starter,1118
2025-03-01,1st,5946
2025-03-01,2nd,3571
2025-03-01,3rd,3194
2025-03-01,Starter,4122
2025-03-01,Starter,4944
2025-03-01,Starter,6560
2025-03-01,Consolation,0745
2025-03-01,Consolation,6911
2025-03-01,Consolation,8328
2025-03-01,Consolation,7582
2025-03-01,Consolation,6944
2025-03-01,Consolation,6915
2025-03-01,Consolation,4859
2025-03-01,Starter,8773
2025-03-01,Starter,3344
2025-03-01,Consolation,1950
2025-03-01,Consolation,9287
2025-03-01,Consolation,5560
2025-03-01,Starter,3311
2025-03-02,Consolation,6244
2025-03-02,Consolation,3645
2025-03-02,Consolation,5468
2025-03-02,Starter,1651
2025-03-02,Starter,3136
2025-03-02,Consolation,9923
2025-03-02,Consolation,8047
2025-03-02,Consolation,8425
2025-03-02,Consolation,8993
2025-03-02,Consolation,9223
2025-03-02,Starter,9084
2025-03-02,Starter,8198
2025-03-02,Starter,2910
2025-03-02,Starter,7316
2025-03-02,Consolation,4843
2025-03-02,3rd,5247
2025-03-02,1st,7538
2025-03-02,Consolation,5707
2025-03-02,Starter,7011
2025-03-02,Starter,6802
2025-03-02,Starter,5117
2025-03-02,Starter,3405
2025-03-02,2nd,7890
2025-03-05,Consolation,2523
2025-03-05,Starter,6207
2025-03-05,Starter,9757
2025-03-05,Starter,4107
2025-03-05,Consolation,3480
2025-03-05,Starter,7630
2025-03-05,Starter,5545
2025-03-05,Consolation,0505
2025-03-05,Consolation,6351
2025-03-05,Starter,1521
2025-03-05,Consolation,4973
2025-03-05,1st,8680
2025-03-05,Starter,0298
2025-03-05,Consolation,9704
2025-03-05,Consolation,4234
2025-03-05,Consolation,3488
2025-03-05,Consolation,6261
2025-03-05,Consolation,5192
2025-03-05,Starter,2491
2025-03-05,3rd,3277
2025-03-05,2nd,2387
2025-03-05,Starter,6626
2025-03-05,Starter,5097
2025-03-08,Starter,0638
2025-03-08,Starter,7778
2025-03-08,Starter,0478
2025-03-08,1st,0948
2025-03-08,Starter,5925
2025-03-08,Starter,6673
2025-03-08,Starter,6309
2025-03-08,Starter,7146
2025-03-08,3rd,0662
2025-03-08,2nd,7694
2025-03-08,Starter,2196
2025-03-08,Consolation,1202
2025-03-08,Consolation,7669
2025-03-08,Consolation,4186
2025-03-08,Consolation,2153
2025-03-08,Consolation,8700
2025-03-08,Consolation,1798
2025-03-08,Starter,9120
2025-03-08,Starter,8460
2025-03-08,Consolation,7260
2025-03-08,Consolation,6128
2025-03-08,Consolation,7864
2025-03-08,Consolation,2794
2025-03-09,Starter,6828
2025-03-09,Starter,4094
2025-03-09,Starter,9595
2025-03-09,Starter,8439
2025-03-09,Consolation,4587
2025-03-09,Consolation,2069
2025-03-09,Consolation,2295
2025-03-09,Consolation,9251
2025-03-09,Consolation,8376
2025-03-09,Consolation,5228
2025-03-09,Consolation,9256
2025-03-09,Consolation,4532
2025-03-09,3rd,0032
2025-03-09,Starter,5337
2025-03-09,Starter,7279
2025-03-09,Consolation,3144
2025-03-09,Starter,0834
2025-03-09,Starter,0313
2025-03-09,2nd,6399
2025-03-09,1st,4657
2025-03-09,Starter,9171
2025-03-09,Starter,3485
2025-03-09,Consolation,0564
2025-03-12,Consolation,6562
2025-03-12,Consolation,9718
2025-03-12,Consolation,3972
2025-03-12,2nd,3368
2025-03-12,3rd,8541
2025-03-12,Consolation,0797
2025-03-12,Consolation,3356
2025-03-12,Consolation,9980
2025-03-12,Consolation,5214
2025-03-12,Consolation,5978
2025-03-12,Consolation,3801
2025-03-12,Consolation,3162
2025-03-12,Starter,3312
2025-03-12,Starter,0156
2025-03-12,Starter,5955
2025-03-12,Starter,8123
2025-03-12,Starter,6057
2025-03-12,Starter,4619
2025-03-12,Starter,8705
2025-03-12,1st,6376
2025-03-12,Starter,2870
2025-03-12,Starter,3027
2025-03-12,Starter,0603
2025-03-15,Starter,2886
2025-03-15,Starter,7326
2025-03-15,Starter,0988
2025-03-15,Starter,1900
2025-03-15,Consolation,8231
2025-03-15,Starter,7320
2025-03-15,Starter,9014
2025-03-15,Starter,5847
2025-03-15,Starter,6316
2025-03-15,Consolation,3659
2025-03-15,Consolation,9075
2025-03-15,Starter,8778
2025-03-15,3rd,4260
2025-03-15,2nd,8299
2025-03-15,Consolation,7195
2025-03-15,Consolation,9128
2025-03-15,Consolation,6049
2025-03-15,1st,5540
2025-03-15,Consolation,3052
2025-03-15,Consolation,1731
2025-03-15,Consolation,0437
2025-03-15,Consolation,8947
2025-03-15,Starter,1932
2025-03-16,2nd,0187
2025-03-16,Consolation,0876
2025-03-16,1st,9373
2025-03-16,Consolation,2966
2025-03-16,Consolation,1956
2025-03-16,3rd,3916
2025-03-16,Starter,7986
2025-03-16,Consolation,6906
2025-03-16,Consolation,5546
2025-03-16,Starter,4784
2025-03-16,Starter,1368
2025-03-16,Consolation,8448
2025-03-16,Consolation,0409
2025-03-16,Consolation,0556
2025-03-16,Starter,6666
2025-03-16,Starter,1186
2025-03-16,Starter,1350
2025-03-16,Starter,1849
2025-03-16,Starter,6924
2025-03-16,Consolation,2756
2025-03-16,Starter,5676
2025-03-16,Consolation,6558
2025-03-16,Starter,1054
2025-03-19,2nd,7058
2025-03-19,Starter,1010
2025-03-19,Starter,2545
2025-03-19,Starter,3682
2025-03-19,Starter,5016
2025-03-19,Starter,5548
2025-03-19,Starter,6903
2025-03-19,Starter,6913
2025-03-19,Starter,7963
2025-03-19,Consolation,8934
2025-03-19,Starter,9802
2025-03-19,Consolation,9095
2025-03-19,Consolation,3985
2025-03-19,1st,9325
2025-03-19,Consolation,9277
2025-03-19,Consolation,2402
2025-03-19,Consolation,1469
2025-03-19,Consolation,0643
2025-03-19,Consolation,0485
2025-03-19,Starter,7590
2025-03-19,Consolation,3044
2025-03-19,Consolation,7738
2025-03-19,3rd,4913
2025-03-22,Starter,8831
2025-03-22,Starter,1386
2025-03-22,Starter,7940
2025-03-22,Consolation,2715
2025-03-22,Starter,2672
2025-03-22,Starter,5821
2025-03-22,Starter,7273
2025-03-22,Starter,7053
2025-03-22,Starter,7162
2025-03-22,Consolation,5801
2025-03-22,Consolation,6056
2025-03-22,1st,4720
2025-03-22,Consolation,3446
2025-03-22,Consolation,8181
2025-03-22,Consolation,0313
2025-03-22,Starter,6284
2025-03-22,3rd,2512
2025-03-22,2nd,3674
2025-03-22,Starter,9858
2025-03-22,Consolation,3859
2025-03-22,Consolation,3473
2025-03-22,Consolation,6684
2025-03-22,Consolation,6131
2025-03-23,3rd,4379
2025-03-23,Starter,5310
2025-03-23,Consolation,1197
2025-03-23,Consolation,1597
2025-03-23,Consolation,0695
2025-03-23,Starter,5792
2025-03-23,Consolation,9518
2025-03-23,Consolation,2372
2025-03-23,Starter,2540
2025-03-23,Consolation,5455
2025-03-23,Starter,9644
2025-03-23,Starter,2497
2025-03-23,Consolation,8785
2025-03-23,Starter,3417
2025-03-23,Consolation,6645
2025-03-23,Starter,6843
2025-03-23,Consolation,0342
2025-03-23,Starter,4630
2025-03-23,1st,4111
2025-03-23,2nd,4035
2025-03-23,Starter,3499
2025-03-23,Starter,0188
2025-03-23,Consolation,5131
2025-03-26,Starter,3005
2025-03-26,Starter,6310
2025-03-26,Starter,3815
2025-03-26,Consolation,4205
2025-03-26,Starter,7065
2025-03-26,Consolation,2660
2025-03-26,Consolation,0374
2025-03-26,Starter,3279
2025-03-26,Starter,4628
2025-03-26,Consolation,4899
2025-03-26,Starter,7791
2025-03-26,Starter,7076
2025-03-26,Consolation,0612
2025-03-26,Starter,6111
2025-03-26,Consolation,9104
2025-03-26,3rd,6628
2025-03-26,2nd,6375
2025-03-26,1st,3468
2025-03-26,Consolation,9063
2025-03-26,Starter,1482
2025-03-26,Consolation,7455
2025-03-26,Consolation,9270
2025-03-26,Consolation,7033
2025-03-29,Starter,5244
2025-03-29,Consolation,4987
2025-03-29,Starter,4596
2025-03-29,Starter,3961
2025-03-29,Starter,2168
2025-03-29,Consolation,0856
2025-03-29,Consolation,8053
2025-03-29,Consolation,0233
2025-03-29,Consolation,9945
2025-03-29,Consolation,4084
2025-03-29,Starter,2257
2025-03-29,Starter,9616
2025-03-29,Consolation,9324
2025-03-29,Starter,1234
2025-03-29,3rd,7398
2025-03-29,2nd,4710
2025-03-29,Starter,4520
2025-03-29,Starter,8675
2025-03-29,Consolation,8524
2025-03-29,Consolation,9420
2025-03-29,Consolation,8851
2025-03-29,1st,8682
2025-03-30,Starter,2924
2025-03-30,Consolation,7107
2025-03-30,Starter,2903
2025-03-30,Consolation,3969
2025-03-30,Consolation,0958
2025-03-30,Starter,6829
2025-03-30,Starter,7940
2025-03-30,Consolation,9252
2025-03-30,Consolation,9681
2025-03-30,Consolation,4896
2025-03-30,Starter,9736
2025-03-30,Consolation,7983
2025-03-30,Starter,0393
2025-03-30,Consolation,7401
2025-03-30,Consolation,9674
2025-03-30,3rd,9739
2025-03-30,2nd,4642
2025-03-30,Starter,2117
2025-03-30,Consolation,1266
2025-03-30,Starter,1360
2025-03-30,Starter,0739
2025-03-30,1st,8748
2025-03-30,Starter,1997
2025-04-02,Starter,5022
2025-04-02,Consolation,0416
2025-04-02,Consolation,4153
2025-04-02,Consolation,3711
2025-04-02,Consolation,3986
2025-04-02,Starter,5456
2025-04-02,1st,3567
2025-04-02,Starter,6550
2025-04-02,Starter,3527
2025-04-02,Consolation,1615
2025-04-02,Starter,3627
2025-04-02,Consolation,5214
2025-04-02,Starter,4678
2025-04-02,Starter,9332
2025-04-02,Consolation,9577
2025-04-02,Consolation,5424
2025-04-02,Consolation,5931
2025-04-02,Starter,4059
2025-04-02,3rd,5163
2025-04-02,Starter,2256
2025-04-02,Consolation,6926
2025-04-02,Starter,9645
2025-04-02,2nd,7225
2025-04-05,Starter,9953
2025-04-05,Starter,9714
2025-04-05,Consolation,2819
2025-04-05,Consolation,2804
2025-04-05,Consolation,5753
2025-04-05,Consolation,9195
2025-04-05,Consolation,1080
2025-04-05,3rd,3172
2025-04-05,Consolation,2206
2025-04-05,Consolation,2769
2025-04-05,Starter,2516
2025-04-05,Starter,8923
2025-04-05,Starter,8870
2025-04-05,Starter,8002
2025-04-05,Starter,2715
2025-04-05,Starter,1136
2025-04-05,Starter,0146
2025-04-05,Starter,3828
2025-04-05,Consolation,3771
2025-04-05,Consolation,7278
2025-04-05,2nd,1666
2025-04-05,1st,1815
2025-04-05,Consolation,0876
2025-04-06,2nd,0140
2025-04-06,3rd,0556
2025-04-06,Starter,7777
2025-04-06,Consolation,9323
2025-04-06,Starter,9882
2025-04-06,Starter,0874
2025-04-06,Starter,5032
2025-04-06,Consolation,7548
2025-04-06,Consolation,9086
2025-04-06,1st,1546
2025-04-06,Starter,1360
2025-04-06,Starter,5641
2025-04-06,Consolation,7895
2025-04-06,Consolation,6938
2025-04-06,Consolation,4381
2025-04-06,Consolation,6594
2025-04-06,Consolation,1397
2025-04-06,Starter,7608
2025-04-06,Starter,2708
2025-04-06,Consolation,9792
2025-04-06,Starter,2179
2025-04-06,Starter,8075
2025-04-06,Consolation,7068
2025-04-09,Consolation,2934
2025-04-09,Consolation,3784
2025-04-09,Consolation,5239
2025-04-09,3rd,0282
2025-04-09,Starter,5893
2025-04-09,2nd,5467
2025-04-09,Starter,0095
2025-04-09,Consolation,5452
2025-04-09,Consolation,0078
2025-04-09,Starter,0204
2025-04-09,Starter,5422
2025-04-09,Consolation,6689
2025-04-09,Consolation,0278
2025-04-09,Starter,6974
2025-04-09,Starter,7683
2025-04-09,Consolation,0220
2025-04-09,Consolation,0566
2025-04-09,Starter,4792
2025-04-09,Starter,8187
2025-04-09,Consolation,2383
2025-04-09,Starter,1402
2025-04-09,Starter,2687
2025-04-09,1st,8057
2025-04-12,Consolation,8127
2025-04-12,3rd,8992
2025-04-12,Consolation,9820
2025-04-12,Starter,4365
2025-04-12,2nd,3920
2025-04-12,1st,1564
2025-04-12,Consolation,0198
2025-04-12,Consolation,2425
2025-04-12,Consolation,7396
2025-04-12,Consolation,7481
2025-04-12,Consolation,6387
2025-04-12,Starter,5623
2025-04-12,Starter,4561
2025-04-12,Starter,9567
2025-04-12,Starter,5689
2025-04-12,Consolation,9924
2025-04-12,Consolation,7622
2025-04-12,Starter,7091
2025-04-12,Consolation,0828
2025-04-12,Starter,5397
2025-04-12,Starter,9547
2025-04-12,Starter,6326
2025-04-12,Starter,8868
2025-04-13,Starter,1914
2025-04-13,3rd,4156
2025-04-13,2nd,9375
2025-04-13,1st,5891
2025-04-13,Consolation,7032
2025-04-13,Starter,7955
2025-04-13,Starter,4304
2025-04-13,Starter,4991
2025-04-13,Starter,7054
2025-04-13,Consolation,5301
2025-04-13,Consolation,9726
2025-04-13,Consolation,4364
2025-04-13,Consolation,7974
2025-04-13,Consolation,3431
2025-04-13,Consolation,2759
2025-04-13,Consolation,3438
2025-04-13,Starter,6160
2025-04-13,Consolation,0625
2025-04-13,Starter,9548
2025-04-13,Consolation,9277
2025-04-13,Starter,6625
2025-04-13,Starter,5044
2025-04-13,Starter,4717
2025-04-16,Starter,9828
2025-04-16,Starter,3770
2025-04-16,Starter,4309
2025-04-16,Starter,5757
2025-04-16,Starter,6647
2025-04-16,3rd,3069
2025-04-16,2nd,5005
2025-04-16,1st,0193
2025-04-16,Consolation,1343
2025-04-16,Consolation,9317
2025-04-16,Consolation,6695
2025-04-16,Starter,2929
2025-04-16,Starter,2055
2025-04-16,Consolation,4734
2025-04-16,Consolation,7539
2025-04-16,Consolation,4683
2025-04-16,Consolation,9822
2025-04-16,Starter,1564
2025-04-16,Starter,4270
2025-04-16,Starter,2071
2025-04-16,Consolation,4719
2025-04-16,Consolation,8970
2025-04-16,Consolation,2125
2025-04-19,3rd,8375
2025-04-19,Starter,5462
2025-04-19,Consolation,8922
2025-04-19,1st,8119
2025-04-19,2nd,2405
2025-04-19,Starter,3245
2025-04-19,Starter,3014
2025-04-19,Starter,4452
2025-04-19,Starter,4239
2025-04-19,Starter,2037
2025-04-19,Starter,5523
2025-04-19,Consolation,8452
2025-04-19,Starter,3641
2025-04-19,Consolation,4876
2025-04-19,Consolation,5317
2025-04-19,Consolation,6034
2025-04-19,Consolation,3027
2025-04-19,Consolation,4327
2025-04-19,Consolation,9480
2025-04-19,Starter,7603
2025-04-19,Consolation,7232
2025-04-19,Starter,7946
2025-04-19,Consolation,9943
2025-04-20,2nd,8123
2025-04-20,3rd,0107
2025-04-20,1st,7422
2025-04-20,Consolation,4573
2025-04-20,Starter,9146
2025-04-20,Consolation,2960
2025-04-20,Starter,7640
2025-04-20,Starter,9007
2025-04-20,Starter,4359
2025-04-20,Starter,3392
2025-04-20,Starter,5557
2025-04-20,Consolation,8217
2025-04-20,Starter,9135
2025-04-20,Consolation,2024
2025-04-20,Starter,6744
2025-04-20,Consolation,5319
2025-04-20,Consolation,3991
2025-04-20,Starter,2930
2025-04-20,Starter,8497
2025-04-20,Consolation,1145
2025-04-20,Consolation,0817
2025-04-20,Consolation,0376
2025-04-20,Consolation,0303
2025-04-23,Consolation,3900
2025-04-23,Consolation,3070
2025-04-23,Consolation,2292
2025-04-23,Consolation,1853
2025-04-23,1st,4045
2025-04-23,3rd,5321
2025-04-23,2nd,3916
2025-04-23,Consolation,0080
2025-04-23,Consolation,9132
2025-04-23,Consolation,6374
2025-04-23,Consolation,1188
2025-04-23,Consolation,9191
2025-04-23,Starter,6788
2025-04-23,Starter,5701
2025-04-23,Starter,1148
2025-04-23,Starter,1694
2025-04-23,Consolation,9522
2025-04-23,Starter,3702
2025-04-23,Starter,0564
2025-04-23,Starter,0151
2025-04-23,Starter,5624
2025-04-23,Starter,7800
2025-04-23,Starter,5240
2025-04-26,Starter,8653
2025-04-26,Consolation,3286
2025-04-26,Consolation,6989
2025-04-26,Consolation,7214
2025-04-26,Starter,1732
2025-04-26,Consolation,6092
2025-04-26,Consolation,7398
2025-04-26,Consolation,8482
2025-04-26,Starter,6260
2025-04-26,Consolation,0244
2025-04-26,Starter,9034
2025-04-26,3rd,0507
2025-04-26,Consolation,9988
2025-04-26,Starter,2689
2025-04-26,Consolation,1411
2025-04-26,Starter,4915
2025-04-26,Starter,0663
2025-04-26,Starter,1482
2025-04-26,Starter,8055
2025-04-26,Starter,9496
2025-04-26,2nd,7327
2025-04-26,1st,0990
2025-04-26,Consolation,6884
2025-04-27,Starter,8427
2025-04-27,Starter,8139
2025-04-27,Consolation,1946
2025-04-27,Consolation,3221
2025-04-27,Starter,3523
2025-04-27,Consolation,8129
2025-04-27,Starter,5337
2025-04-27,Starter,7694
2025-04-27,Consolation,1955
2025-04-27,Consolation,0573
2025-04-27,Consolation,5088
2025-04-27,Consolation,3314
2025-04-27,Starter,2465
2025-04-27,Starter,5845
2025-04-27,1st,4707
2025-04-27,2nd,8324
2025-04-27,3rd,5641
2025-04-27,Consolation,2990
2025-04-27,Consolation,4285
2025-04-27,Consolation,5465
2025-04-27,Starter,9617
2025-04-27,Starter,0019
2025-04-27,Starter,6851
2025-04-30,Consolation,8680
2025-04-30,Starter,0396
2025-04-30,Consolation,8744
2025-04-30,Consolation,1587
2025-04-30,Starter,6369
2025-04-30,Consolation,7466
2025-04-30,Consolation,2589
2025-04-30,Consolation,1137
2025-04-30,Consolation,8157
2025-04-30,3rd,2170
2025-04-30,Consolation,1998
2025-04-30,2nd,3294
2025-04-30,Starter,7582
2025-04-30,Consolation,5652
2025-04-30,Starter,2740
2025-04-30,Starter,6364
2025-04-30,Starter,8643
2025-04-30,Consolation,0382
2025-04-30,Starter,1170
2025-04-30,Starter,9477
2025-04-30,Starter,9630
2025-04-30,Starter,4107
2025-04-30,1st,4655
2025-05-03,Starter,4142
2025-05-03,Starter,8902
2025-05-03,Starter,7342
2025-05-03,Starter,4349
2025-05-03,Consolation,8497
2025-05-03,Starter,7056
2025-05-03,Starter,0381
2025-05-03,Starter,3189
2025-05-03,Starter,2355
2025-05-03,Starter,7575
2025-05-03,Starter,5715
2025-05-03,Consolation,6145
2025-05-03,3rd,9046
2025-05-03,Consolation,8346
2025-05-03,Consolation,2669
2025-05-03,Consolation,1763
2025-05-03,1st,6996
2025-05-03,2nd,8840
2025-05-03,Consolation,3892
2025-05-03,Consolation,8425
2025-05-03,Consolation,6281
2025-05-03,Consolation,6520
2025-05-03,Consolation,5394
2025-05-04,Consolation,9695
2025-05-04,Consolation,6150
2025-05-04,Consolation,1144
2025-05-04,Consolation,5395
2025-05-04,Starter,9359
2025-05-04,Consolation,3438
2025-05-04,Consolation,3364
2025-05-04,Consolation,3303
2025-05-04,Consolation,3240
2025-05-04,Consolation,3289
2025-05-04,Starter,3312
2025-05-04,1st,5507
2025-05-04,Starter,7399
2025-05-04,Starter,8582
2025-05-04,Starter,3132
2025-05-04,Starter,0976
2025-05-04,Starter,8993
2025-05-04,Starter,6004
2025-05-04,Starter,0390
2025-05-04,Starter,2758
2025-05-04,3rd,5717
2025-05-04,2nd,5251
2025-05-04,Consolation,6546
2025-05-07,Starter,5243
2025-05-07,Starter,9523
2025-05-07,Starter,0680
2025-05-07,Starter,0175
2025-05-07,Starter,8678
2025-05-07,Consolation,8623
2025-05-07,Starter,9551
2025-05-07,Starter,1275
2025-05-07,Consolation,8128
2025-05-07,Starter,7199
2025-05-07,Consolation,4270
2025-05-07,1st,2092
2025-05-07,Consolation,0047
2025-05-07,Consolation,4091
2025-05-07,Consolation,3513
2025-05-07,Consolation,1218
2025-05-07,Consolation,9849
2025-05-07,Consolation,4900
2025-05-07,Starter,1155
2025-05-07,Consolation,0872
2025-05-07,3rd,4937
2025-05-07,2nd,5603
2025-05-07,Starter,0045
2025-05-10,Starter,0661
2025-05-10,Starter,0524
2025-05-10,3rd,3278
2025-05-10,Starter,9661
2025-05-10,Starter,1085
2025-05-10,Starter,7565
2025-05-10,Starter,2714
2025-05-10,Starter,2018
2025-05-10,Starter,1651
2025-05-10,Starter,9465
2025-05-10,2nd,0679
2025-05-10,Consolation,3879
2025-05-10,Consolation,5114
2025-05-10,Consolation,4727
2025-05-10,Consolation,9830
2025-05-10,Consolation,3886
2025-05-10,Consolation,3325
2025-05-10,1st,0050
2025-05-10,Consolation,0806
2025-05-10,Consolation,3998
2025-05-10,Consolation,9534
2025-05-10,Consolation,9442
2025-05-10,Starter,9920
2025-05-11,Starter,2110
2025-05-11,Starter,7061
2025-05-11,Consolation,6038
2025-05-11,Consolation,6743
2025-05-11,Consolation,4874
2025-05-11,Starter,8371
2025-05-11,Consolation,9056
2025-05-11,Consolation,6298
2025-05-11,Consolation,7394
2025-05-11,Starter,1356
2025-05-11,Consolation,8936
2025-05-11,1st,8947
2025-05-11,Consolation,8187
2025-05-11,Starter,2934
2025-05-11,Starter,2711
2025-05-11,Starter,3620
2025-05-11,Starter,0864
2025-05-11,Consolation,8607
2025-05-11,Starter,5629
2025-05-11,3rd,0194
2025-05-11,2nd,8881
2025-05-11,Starter,1661
2025-05-11,Consolation,6797
2025-05-14,Starter,7244
2025-05-14,Consolation,7792
2025-05-14,Consolation,8983
2025-05-14,Consolation,9134
2025-05-14,Starter,9926
2025-05-14,Starter,9384
2025-05-14,Starter,8997
2025-05-14,Consolation,0493
2025-05-14,Consolation,5561
2025-05-14,Consolation,5407
2025-05-14,Consolation,7314
2025-05-14,Consolation,1808
2025-05-14,Consolation,8913
2025-05-14,Starter,7231
2025-05-14,3rd,8144
2025-05-14,Starter,7610
2025-05-14,Starter,3087
2025-05-14,Starter,7111
2025-05-14,Starter,5092
2025-05-14,Consolation,7336
2025-05-14,Starter,6501
2025-05-14,1st,8283
2025-05-14,2nd,7619
2025-05-17,Consolation,0835
2025-05-17,Consolation,0860
2025-05-17,Consolation,6030
2025-05-17,Consolation,7724
2025-05-17,Starter,2261
2025-05-17,Consolation,7109
2025-05-17,Consolation,6129
2025-05-17,Consolation,0678
2025-05-17,Consolation,5002
2025-05-17,Starter,6815
2025-05-17,Consolation,7000
2025-05-17,Consolation,8788
2025-05-17,Starter,5204
2025-05-17,Starter,2622
2025-05-17,Starter,6471
2025-05-17,3rd,5996
2025-05-17,2nd,9386
2025-05-17,Starter,1047
2025-05-17,1st,6660
2025-05-17,Starter,0029
2025-05-17,Starter,0056
2025-05-17,Starter,9177
2025-05-17,Starter,9966
2025-05-18,Consolation,2954
2025-05-18,Consolation,3446
2025-05-18,Starter,1490
2025-05-18,Starter,2504
2025-05-18,Starter,4684
2025-05-18,Consolation,4981
2025-05-18,Consolation,3795
2025-05-18,Consolation,4213
2025-05-18,Consolation,0940
2025-05-18,Consolation,3755
2025-05-18,Starter,3415
2025-05-18,Starter,8350
2025-05-18,Consolation,3359
2025-05-18,3rd,4878
2025-05-18,2nd,0803
2025-05-18,1st,0665
2025-05-18,Starter,9467
2025-05-18,Consolation,2509
2025-05-18,Starter,8049
2025-05-18,Starter,5732
2025-05-18,Starter,4343
2025-05-18,Starter,0872
2025-05-18,Consolation,8065
2025-05-21,Consolation,3317
2025-05-21,2nd,0530
2025-05-21,1st,3576
2025-05-21,Starter,7090
2025-05-21,Starter,6285
2025-05-21,Consolation,1835
2025-05-21,Starter,1470
2025-05-21,Starter,3009
2025-05-21,3rd,6672
2025-05-21,Consolation,5914
2025-05-21,Consolation,9119
2025-05-21,Consolation,3990
2025-05-21,Starter,3623
2025-05-21,Starter,7305
2025-05-21,Consolation,3221
2025-05-21,Consolation,7870
2025-05-21,Consolation,2725
2025-05-21,Starter,5062
2025-05-21,Consolation,5741
2025-05-21,Consolation,2439
2025-05-21,Starter,5750
2025-05-21,Starter,7387
2025-05-21,Starter,1109
2025-05-24,3rd,4804
2025-05-24,Consolation,5569
2025-05-24,Consolation,6953
2025-05-24,Consolation,1897
2025-05-24,Consolation,3867
2025-05-24,2nd,5173
2025-05-24,1st,1766
2025-05-24,Consolation,2807
2025-05-24,Consolation,6961
2025-05-24,Consolation,1439
2025-05-24,Starter,0341
2025-05-24,Consolation,6549
2025-05-24,Starter,1718
2025-05-24,Consolation,0255
2025-05-24,Starter,9065
2025-05-24,Starter,5126
2025-05-24,Starter,5234
2025-05-24,Starter,0043
2025-05-24,Starter,6110
2025-05-24,Starter,8977
2025-05-24,Starter,8856
2025-05-24,Starter,6126
2025-05-24,Consolation,6829
2025-05-25,3rd,1184
2025-05-25,Consolation,1084
2025-05-25,Starter,5050
2025-05-25,1st,0825
2025-05-25,Starter,6950
2025-05-25,Starter,8879
2025-05-25,Starter,7990
2025-05-25,Starter,4020
2025-05-25,Starter,5548
2025-05-25,2nd,3791
2025-05-25,Starter,9053
2025-05-25,Consolation,4940
2025-05-25,Consolation,2939
2025-05-25,Starter,0635
2025-05-25,Consolation,3261
2025-05-25,Consolation,3737
2025-05-25,Consolation,5176
2025-05-25,Consolation,6681
2025-05-25,Consolation,7322
2025-05-25,Starter,4236
2025-05-25,Consolation,9583
2025-05-25,Consolation,1266
2025-05-25,Starter,1254
2025-05-28,Consolation,7355
2025-05-28,Consolation,1674
2025-05-28,Consolation,4515
2025-05-28,Starter,8505
2025-05-28,Consolation,1705
2025-05-28,Consolation,0181
2025-05-28,3rd,5198
2025-05-28,1st,9617
2025-05-28,2nd,4861
2025-05-28,Consolation,4101
2025-05-28,Starter,4798
2025-05-28,Starter,0888
2025-05-28,Starter,2651
2025-05-28,Starter,3958
2025-05-28,Consolation,4476
2025-05-28,Consolation,7961
2025-05-28,Consolation,4728
2025-05-28,Consolation,0278
2025-05-28,Starter,5264
2025-05-28,Starter,5039
2025-05-28,Starter,5784
2025-05-28,Starter,3097
2025-05-28,Starter,8655
2025-05-31,Starter,5806
2025-05-31,1st,9304
2025-05-31,2nd,7436
2025-05-31,3rd,7149
2025-05-31,Starter,1698
2025-05-31,Starter,0820
2025-05-31,Starter,0952
2025-05-31,Starter,4289
2025-05-31,Starter,6136
2025-05-31,Starter,0104
2025-05-31,Consolation,9554
2025-05-31,Starter,7891
2025-05-31,Starter,6701
2025-05-31,Starter,3616
2025-05-31,Consolation,4234
2025-05-31,Consolation,0917
2025-05-31,Consolation,4432
2025-05-31,Consolation,2806
2025-05-31,Consolation,2958
2025-05-31,Consolation,1204
2025-05-31,Consolation,7493
2025-05-31,Consolation,0403
2025-05-31,Consolation,1641
2025-06-01,Starter,0649
2025-06-01,Starter,1346
2025-06-01,Starter,3147
2025-06-01,Starter,9489
2025-06-01,Starter,5701
2025-06-01,3rd,5118
2025-06-01,2nd,5136
2025-06-01,1st,5259
2025-06-01,Consolation,9869
2025-06-01,Consolation,1286
2025-06-01,Starter,5104
2025-06-01,Consolation,7704
2025-06-01,Starter,6677
2025-06-01,Consolation,9209
2025-06-01,Consolation,5754
2025-06-01,Consolation,2946
2025-06-01,Starter,1985
2025-06-01,Consolation,8694
2025-06-01,Starter,3223
2025-06-01,Starter,1349
2025-06-01,Consolation,8915
2025-06-01,Consolation,0591
2025-06-01,Consolation,5934
2025-06-04,3rd,7868
2025-06-04,2nd,2612
2025-06-04,1st,7634
2025-06-04,Consolation,1021
2025-06-04,Starter,2263
2025-06-04,Starter,1262
2025-06-04,Starter,1464
2025-06-04,Starter,1488
2025-06-04,Consolation,9117
2025-06-04,Starter,4247
2025-06-04,Consolation,1291
2025-06-04,Starter,5392
2025-06-04,Consolation,7171
2025-06-04,Starter,0535
2025-06-04,Starter,2183
2025-06-04,Consolation,4032
2025-06-04,Consolation,7505
2025-06-04,Starter,2355
2025-06-04,Starter,9389
2025-06-04,Consolation,6375
2025-06-04,Consolation,6158
2025-06-04,Consolation,2766
2025-06-04,Consolation,8508
2025-06-07,Consolation,8106
2025-06-07,Consolation,9237
2025-06-07,Consolation,6567
2025-06-07,Consolation,4679
2025-06-07,2nd,7045
2025-06-07,1st,4520
2025-06-07,3rd,6134
2025-06-07,Starter,9328
2025-06-07,Consolation,6246
2025-06-07,Consolation,7830
2025-06-07,Consolation,4848
2025-06-07,Starter,4373
2025-06-07,Starter,5400
2025-06-07,Starter,5127
2025-06-07,Starter,4423
2025-06-07,Starter,3724
2025-06-07,Consolation,4657
2025-06-07,Consolation,7124
2025-06-07,Starter,3620
2025-06-07,Starter,9126
2025-06-07,Starter,6003
2025-06-07,Starter,5748
2025-06-07,Consolation,1057
2025-06-08,Starter,9133
2025-06-08,Starter,6737
2025-06-08,1st,3805
2025-06-08,2nd,2672
2025-06-08,Consolation,1490
2025-06-08,Starter,5432
2025-06-08,3rd,3603
2025-06-08,Starter,9849
2025-06-08,Starter,7348
2025-06-08,Consolation,8259
2025-06-08,Starter,8574
2025-06-08,Starter,9055
2025-06-08,Starter,8545
2025-06-08,Consolation,2385
2025-06-08,Consolation,2847
2025-06-08,Consolation,5281
2025-06-08,Consolation,5628
2025-06-08,Starter,1042
2025-06-08,Consolation,0489
2025-06-08,Consolation,7414
2025-06-08,Consolation,9704
2025-06-08,Consolation,7867
2025-06-08,Starter,4831
2025-06-11,Starter,8493
2025-06-11,Consolation,6775
2025-06-11,Starter,6608
2025-06-11,Consolation,5009
2025-06-11,Starter,0685
2025-06-11,Starter,4664
2025-06-11,Starter,8648
2025-06-11,1st,8184
2025-06-11,Consolation,1112
2025-06-11,3rd,3662
2025-06-11,Starter,3718
2025-06-11,Consolation,3703
2025-06-11,Starter,0259
2025-06-11,Starter,3716
2025-06-11,Starter,4793
2025-06-11,Consolation,7351
2025-06-11,Consolation,6439
2025-06-11,Starter,8923
2025-06-11,Consolation,8537
2025-06-11,Consolation,4747
2025-06-11,Consolation,3869
2025-06-11,2nd,7970
2025-06-11,Consolation,6091
2025-06-14,Consolation,1194
2025-06-14,Starter,7129
2025-06-14,Consolation,7285
2025-06-14,Consolation,2062
2025-06-14,Starter,6486
2025-06-14,2nd,8441
2025-06-14,Consolation,6056
2025-06-14,Consolation,3023
2025-06-14,Consolation,7824
2025-06-14,Starter,6190
2025-06-14,Starter,7402
2025-06-14,3rd,4425
2025-06-14,1st,8327
2025-06-14,Consolation,1288
2025-06-14,Consolation,7439
2025-06-14,Starter,1671
2025-06-14,Starter,7141
2025-06-14,Consolation,6746
2025-06-14,Starter,0237
2025-06-14,Starter,6581
2025-06-14,Starter,8822
2025-06-14,Consolation,1222
2025-06-14,Starter,4542
2025-06-15,Starter,1719
2025-06-15,Consolation,2282
2025-06-15,Consolation,9235
2025-06-15,Consolation,8920
2025-06-15,Consolation,1279
2025-06-15,Consolation,2932
2025-06-15,Consolation,9908
2025-06-15,Consolation,2126
2025-06-15,2nd,2737
2025-06-15,1st,5891
2025-06-15,3rd,0222
2025-06-15,Consolation,2437
2025-06-15,Starter,2585
2025-06-15,Starter,0368
2025-06-15,Consolation,8512
2025-06-15,Consolation,6682
2025-06-15,Starter,6552
2025-06-15,Starter,0544
2025-06-15,Starter,7675
2025-06-15,Starter,8989
2025-06-15,Starter,4745
2025-06-15,Starter,5679
2025-06-15,Starter,2968
2025-06-18,Starter,8371
2025-06-18,Starter,0049
2025-06-18,Consolation,0161
2025-06-18,Starter,5154
2025-06-18,Consolation,2449
2025-06-18,Consolation,8778
2025-06-18,Consolation,8161
2025-06-18,Consolation,3090
2025-06-18,Consolation,9343
2025-06-18,Consolation,3195
2025-06-18,Starter,6240
2025-06-18,Starter,2222
2025-06-18,Consolation,1507
2025-06-18,Consolation,6584
2025-06-18,Starter,2957
2025-06-18,Starter,6266
2025-06-18,Starter,3261
2025-06-18,Starter,1637
2025-06-18,Starter,3421
2025-06-18,Consolation,2129
2025-06-18,3rd,5985
2025-06-18,2nd,5327
2025-06-18,1st,0536
2025-06-21,3rd,8651
2025-06-21,2nd,4778
2025-06-21,1st,4104
2025-06-21,Consolation,1808
2025-06-21,Starter,0808
2025-06-21,Starter,1616
2025-06-21,Consolation,4249
2025-06-21,Consolation,5017
2025-06-21,Consolation,5260
2025-06-21,Consolation,6093
2025-06-21,Consolation,4060
2025-06-21,Consolation,3127
2025-06-21,Consolation,3551
2025-06-21,Starter,8594
2025-06-21,Starter,8213
2025-06-21,Starter,4518
2025-06-21,Starter,4127
2025-06-21,Consolation,9374
2025-06-21,Starter,9728
2025-06-21,Starter,0695
2025-06-21,Starter,8477
2025-06-21,Starter,8363
2025-06-21,Consolation,1644
2025-06-22,Consolation,6296
2025-06-22,Consolation,4534
2025-06-22,Consolation,3354
2025-06-22,Consolation,0861
2025-06-22,2nd,1467
2025-06-22,3rd,9183
2025-06-22,1st,9729
2025-06-22,Consolation,0458
2025-06-22,Starter,6047
2025-06-22,Consolation,8188
2025-06-22,Consolation,0223
2025-06-22,Consolation,0200
2025-06-22,Starter,6838
2025-06-22,Starter,5534
2025-06-22,Starter,4144
2025-06-22,Starter,4137
2025-06-22,Starter,4105
2025-06-22,Starter,3233
2025-06-22,Consolation,6757
2025-06-22,Consolation,2926
2025-06-22,Starter,8467
2025-06-22,Starter,9948
2025-06-22,Starter,2551
2025-06-25,Consolation,2522
2025-06-25,Consolation,9140
2025-06-25,Consolation,9658
2025-06-25,Starter,8155
2025-06-25,Starter,3137
2025-06-25,Consolation,3897
2025-06-25,Consolation,8984
2025-06-25,2nd,2608
2025-06-25,Consolation,5180
2025-06-25,Starter,6017
2025-06-25,3rd,9703
2025-06-25,Starter,6053
2025-06-25,Consolation,7077
2025-06-25,Starter,2684
2025-06-25,Consolation,4934
2025-06-25,Starter,7217
2025-06-25,Starter,0210
2025-06-25,Consolation,7026
2025-06-25,Consolation,2387
2025-06-25,Starter,1861
2025-06-25,Starter,2097
2025-06-25,Starter,1258
2025-06-25,1st,6238
2025-06-28,Consolation,6965
2025-06-28,Consolation,5167
2025-06-28,Consolation,4021
2025-06-28,2nd,1435
2025-06-28,1st,4747
2025-06-28,3rd,3464
2025-06-28,Consolation,3472
2025-06-28,Consolation,3947
2025-06-28,Consolation,9830
2025-06-28,Consolation,8180
2025-06-28,Consolation,0996
2025-06-28,Starter,2516
2025-06-28,Starter,3630
2025-06-28,Starter,0966
2025-06-28,Consolation,6820
2025-06-28,Starter,3558
2025-06-28,Starter,4251
2025-06-28,Consolation,3966
2025-06-28,Starter,1025
2025-06-28,Starter,9430
2025-06-28,Starter,7569
2025-06-28,Starter,2473
2025-06-29,Consolation,4971
2025-06-29,2nd,7565
2025-06-29,Consolation,8783
2025-06-29,Starter,9318
2025-06-29,3rd,6124
2025-06-29,Consolation,1226
2025-06-29,Consolation,4289
2025-06-29,Consolation,0521
2025-06-29,Consolation,4898
2025-06-29,1st,7479
2025-06-29,Starter,8224
2025-06-29,Starter,3005
2025-06-29,Starter,0960
2025-06-29,Starter,6446
2025-06-29,Consolation,9323
2025-06-29,Consolation,6076
2025-06-29,Consolation,9715
2025-06-29,Consolation,0506
2025-06-29,Starter,6018
2025-06-29,Starter,1309
2025-06-29,Starter,1537
2025-06-29,Starter,4461
2025-06-29,Starter,5086
2025-07-02,1st,1924
2025-07-02,Starter,7313
2025-07-02,Starter,7416
2025-07-02,Consolation,6412
2025-07-02,Starter,6525
2025-07-02,3rd,2569
2025-07-02,Consolation,5076
2025-07-02,Consolation,2140
2025-07-02,Consolation,3510
2025-07-02,Consolation,7916
2025-07-02,Starter,6498
2025-07-02,Starter,9618
2025-07-02,Starter,6966
2025-07-02,Starter,7808
2025-07-02,Starter,0457
2025-07-02,Consolation,2691
2025-07-02,Consolation,1482
2025-07-02,Consolation,4051
2025-07-02,Starter,9228
2025-07-02,2nd,5698
2025-07-02,Starter,2345
2025-07-02,Consolation,6547
2025-07-02,Consolation,5856
2025-07-05,Consolation,0959
2025-07-05,Consolation,2651
2025-07-05,3rd,0702
2025-07-05,2nd,4893
2025-07-05,1st,0264
2025-07-05,Starter,0168
2025-07-05,Starter,0649
2025-07-05,Consolation,8179
2025-07-05,Consolation,9927
2025-07-05,Starter,5126
2025-07-05,Starter,0927
2025-07-05,Starter,4468
2025-07-05,Starter,8006
2025-07-05,Consolation,0042
2025-07-05,Consolation,6091
2025-07-05,Starter,2119
2025-07-05,Starter,2512
2025-07-05,Starter,3695
2025-07-05,Starter,6647
2025-07-05,Consolation,2075
2025-07-05,Consolation,4496
2025-07-05,Consolation,4212
2025-07-05,Consolation,3112
2025-07-06,Starter,4431
2025-07-06,Starter,2248
2025-07-06,1st,2472
2025-07-06,2nd,8404
2025-07-06,3rd,1960
2025-07-06,Consolation,0914
2025-07-06,Consolation,1886
2025-07-06,Consolation,7956
2025-07-06,Starter,6056
2025-07-06,Starter,1669
2025-07-06,Starter,4313
2025-07-06,Consolation,4450
2025-07-06,Starter,2764
2025-07-06,Consolation,3815
2025-07-06,Starter,6572
2025-07-06,Starter,5098
2025-07-06,Consolation,2531
2025-07-06,Starter,4460
2025-07-06,Consolation,0517
2025-07-06,Consolation,2393
2025-07-06,Consolation,8494
2025-07-06,Starter,4106
2025-07-06,Consolation,4387
2025-07-09,3rd,8664
2025-07-09,Starter,5746
2025-07-09,2nd,9164
2025-07-09,Consolation,1217
2025-07-09,Consolation,8526
2025-07-09,Starter,8482
2025-07-09,Starter,1089
2025-07-09,Starter,1168
2025-07-09,Starter,3705
2025-07-09,1st,0175
2025-07-09,Starter,5770
2025-07-09,Starter,6585
2025-07-09,Starter,8576
2025-07-09,Consolation,1392
2025-07-09,Consolation,0237
2025-07-09,Consolation,7325
2025-07-09,Consolation,6086
2025-07-09,Consolation,5330
2025-07-09,Consolation,4494
2025-07-09,Starter,8978
2025-07-09,Consolation,2251
2025-07-09,Starter,6789
2025-07-09,Consolation,3378
2025-07-12,Starter,2289
2025-07-12,Starter,1204
2025-07-12,Starter,1552
2025-07-12,Starter,5298
2025-07-12,1st,3064
2025-07-12,2nd,3797
2025-07-12,3rd,2089
2025-07-12,Starter,2679
2025-07-12,Starter,6441
2025-07-12,Starter,0332
2025-07-12,Starter,8817
2025-07-12,Consolation,5780
2025-07-12,Consolation,5621
2025-07-12,Consolation,3073
2025-07-12,Consolation,9000
2025-07-12,Consolation,4534
2025-07-12,Consolation,4666
2025-07-12,Consolation,2099
2025-07-12,Consolation,1336
2025-07-12,Starter,5415
2025-07-12,Consolation,1736
2025-07-12,Consolation,1286
2025-07-12,Starter,3072
2025-07-13,Starter,1589
2025-07-13,Starter,9504
2025-07-13,Starter,1192
2025-07-13,Starter,8496
2025-07-13,3rd,4419
2025-07-13,2nd,3270
2025-07-13,1st,8775
2025-07-13,Starter,1559
2025-07-13,Starter,3519
2025-07-13,Consolation,4702
2025-07-13,Consolation,0129
2025-07-13,Consolation,6716
2025-07-13,Consolation,4880
2025-07-13,Starter,9734
2025-07-13,Consolation,1428
2025-07-13,Consolation,1043
2025-07-13,Consolation,0589
2025-07-13,Consolation,0290
2025-07-13,Starter,2658
2025-07-13,Consolation,4119
2025-07-13,Starter,7315
2025-07-13,Starter,5793
2025-07-13,Consolation,7664
2025-07-16,Starter,1500
2025-07-16,Starter,0030
2025-07-16,Starter,4291
2025-07-16,Consolation,7105
2025-07-16,Consolation,1599
2025-07-16,Consolation,0782
2025-07-16,Starter,9610
2025-07-16,Consolation,9618
2025-07-16,1st,9362
2025-07-16,Starter,9425
2025-07-16,Starter,8054
2025-07-16,3rd,5195
2025-07-16,Starter,8812
2025-07-16,2nd,3962
2025-07-16,Consolation,9300
2025-07-16,Consolation,2158
2025-07-16,Consolation,0416
2025-07-16,Consolation,3642
2025-07-16,Starter,0756
2025-07-16,Starter,9751
2025-07-16,Consolation,2186
2025-07-16,Starter,5314
2025-07-16,Consolation,0106
2025-07-19,Starter,3264
2025-07-19,Starter,1772
2025-07-19,Starter,3693
2025-07-19,Starter,4070
2025-07-19,Consolation,3863
2025-07-19,Consolation,1669
2025-07-19,Starter,5080
2025-07-19,Starter,6533
2025-07-19,Starter,7867
2025-07-19,Starter,9470
2025-07-19,Consolation,6646
2025-07-19,Consolation,0486
2025-07-19,Consolation,4662
2025-07-19,Consolation,1792
2025-07-19,1st,4802
2025-07-19,2nd,9613
2025-07-19,3rd,1740
2025-07-19,Starter,4687
2025-07-19,Consolation,9045
2025-07-19,Consolation,8107
2025-07-19,Consolation,6825
2025-07-19,Consolation,9159
2025-07-19,Starter,4535
2025-07-20,2nd,2359
2025-07-20,3rd,6795
2025-07-20,1st,4600
2025-07-20,Consolation,1948
2025-07-20,Starter,9812
2025-07-20,Consolation,8404
2025-07-20,Consolation,8317
2025-07-20,Consolation,6360
2025-07-20,Consolation,2685
2025-07-20,Starter,4984
2025-07-20,Consolation,2946
2025-07-20,Starter,7866
2025-07-20,Starter,5615
2025-07-20,Starter,9279
2025-07-20,Consolation,2816
2025-07-20,Starter,7819
2025-07-20,Starter,7429
2025-07-20,Consolation,3178
2025-07-20,Starter,1779
2025-07-20,Consolation,9084
2025-07-20,Starter,0982
2025-07-20,Consolation,9827
2025-07-20,Starter,0194
2025-07-23,Consolation,1042
2025-07-23,Starter,5113
2025-07-23,Starter,1622
2025-07-23,Starter,8286
2025-07-23,2nd,5843
2025-07-23,3rd,3533
2025-07-23,1st,9559
2025-07-23,Consolation,4405
2025-07-23,Starter,2111
2025-07-23,Consolation,3953
2025-07-23,Starter,6457
2025-07-23,Starter,1089
2025-07-23,Consolation,1239
2025-07-23,Starter,9305
2025-07-23,Consolation,5178
2025-07-23,Consolation,8954
2025-07-23,Consolation,4699
2025-07-23,Starter,0923
2025-07-23,Starter,6289
2025-07-23,Consolation,2196
2025-07-23,Consolation,1747
2025-07-23,Consolation,4349
2025-07-23,Starter,0508
2025-07-26,Starter,9032
2025-07-26,Consolation,3314
2025-07-26,Consolation,8759
2025-07-26,Consolation,0564
2025-07-26,Consolation,2371
2025-07-26,3rd,2004
2025-07-26,2nd,5343
2025-07-26,1st,0873
2025-07-26,Consolation,4379
2025-07-26,Consolation,0367
2025-07-26,Starter,1127
2025-07-26,Starter,6960
2025-07-26,Starter,0411
2025-07-26,Starter,1256
2025-07-26,Starter,5035
2025-07-26,Consolation,3939
2025-07-26,Starter,5304
2025-07-26,Consolation,9722
2025-07-26,Starter,2973
2025-07-26,Starter,3400
2025-07-26,Starter,3938
2025-07-26,Consolation,0319
2025-07-26,Consolation,1681
2025-07-27,Consolation,9608
2025-07-27,Consolation,4787
2025-07-27,Consolation,5406
2025-07-27,Consolation,5789
2025-07-27,1st,7280
2025-07-27,3rd,8992
2025-07-27,2nd,9668
2025-07-27,Starter,0658
2025-07-27,Starter,4996
2025-07-27,Consolation,2927
2025-07-27,Consolation,0467
2025-07-27,Consolation,4759
2025-07-27,Starter,0500
2025-07-27,Starter,8588
2025-07-27,Starter,7823
2025-07-27,Starter,7782
2025-07-27,Consolation,0746
2025-07-27,Starter,4256
2025-07-27,Consolation,0926
2025-07-27,Consolation,3345
2025-07-27,Starter,2001
2025-07-27,Starter,6484
2025-07-27,Starter,3698
2025-07-30,Consolation,9768
2025-07-30,1st,8115
2025-07-30,2nd,8844
2025-07-30,3rd,2176
2025-07-30,Starter,1114
2025-07-30,Consolation,2127
2025-07-30,Consolation,3859
2025-07-30,Consolation,7345
2025-07-30,Consolation,9927
2025-07-30,Starter,3176
2025-07-30,Starter,1429
2025-07-30,Consolation,1218
2025-07-30,Consolation,2021
2025-07-30,Starter,0571
2025-07-30,Starter,4693
2025-07-30,Consolation,6789
2025-07-30,Consolation,4337
2025-07-30,Starter,4881
2025-07-30,Starter,5904
2025-07-30,Starter,0732
2025-07-30,Starter,9541
2025-07-30,Starter,3494
2025-07-30,Consolation,2000
2025-08-02,Starter,8432
2025-08-02,2nd,5584
2025-08-02,3rd,5354
2025-08-02,Starter,9868
2025-08-02,1st,0851
2025-08-02,Starter,2069
2025-08-02,Starter,4408
2025-08-02,Starter,2484
2025-08-02,Starter,5127
2025-08-02,Starter,5543
2025-08-02,Consolation,8192
2025-08-02,Consolation,8385
2025-08-02,Consolation,5891
2025-08-02,Consolation,9738
2025-08-02,Consolation,1632
2025-08-02,Consolation,8695
2025-08-02,Consolation,9374
2025-08-02,Consolation,3052
2025-08-02,Starter,6932
2025-08-02,Consolation,9842
2025-08-02,Starter,1387
2025-08-02,Starter,1833
2025-08-02,Consolation,4003
2025-08-03,Starter,7658
2025-08-03,Consolation,9322
2025-08-03,Starter,7157
2025-08-03,Starter,6002
2025-08-03,Starter,5936
2025-08-03,Starter,4282
2025-08-03,Starter,3386
2025-08-03,Starter,7381
2025-08-03,Consolation,1859
2025-08-03,Consolation,7852
2025-08-03,Consolation,8818
2025-08-03,Consolation,6322
2025-08-03,Consolation,4521
2025-08-03,Consolation,9922
2025-08-03,Consolation,3138
2025-08-03,Consolation,2489
2025-08-03,Consolation,6012
2025-08-03,Starter,2391
2025-08-03,3rd,3945
2025-08-03,2nd,8262
2025-08-03,1st,9427
2025-08-03,Starter,9549
2025-08-03,Starter,0568
2025-08-06,Consolation,2997
2025-08-06,Consolation,7564
2025-08-06,Consolation,4654
2025-08-06,Consolation,6748
2025-08-06,3rd,3597
2025-08-06,2nd,5794
2025-08-06,1st,9132
2025-08-06,Consolation,9013
2025-08-06,Starter,2001
2025-08-06,Consolation,0852
2025-08-06,Consolation,7439
2025-08-06,Starter,7782
2025-08-06,Starter,5230
2025-08-06,Starter,4595
2025-08-06,Starter,5700
2025-08-06,Starter,3498
2025-08-06,Starter,2888
2025-08-06,Starter,3611
2025-08-06,Consolation,2129
2025-08-06,Consolation,0572
2025-08-06,Starter,8279
2025-08-06,Starter,9651
2025-08-06,Consolation,3301
2025-08-09,2nd,9912
2025-08-09,3rd,8254
2025-08-09,1st,8681
2025-08-09,Consolation,3785
2025-08-09,Consolation,7010
2025-08-09,Consolation,7197
2025-08-09,Consolation,0846
2025-08-09,Consolation,1238
2025-08-09,Consolation,5608
2025-08-09,Consolation,4450
2025-08-09,Consolation,3043
2025-08-09,Consolation,2694
2025-08-09,Starter,3053
2025-08-09,Consolation,0671
2025-08-09,Starter,9261
2025-08-09,Starter,5093
2025-08-09,Starter,3109
2025-08-09,Starter,6589
2025-08-09,Starter,7846
2025-08-09,Starter,1468
2025-08-09,Starter,1377
2025-08-09,Starter,1837
2025-08-09,Starter,6631
2025-08-10,Starter,5082
2025-08-10,Consolation,8192
2025-08-10,Starter,1788
2025-08-10,Starter,0767
2025-08-10,Starter,5378
2025-08-10,Consolation,2250
2025-08-10,Starter,6333
2025-08-10,Starter,6669
2025-08-10,Starter,0915
2025-08-10,Starter,3194
2025-08-10,Consolation,9496
2025-08-10,Consolation,8406
2025-08-10,Starter,5909
2025-08-10,Consolation,6969
2025-08-10,Consolation,5351
2025-08-10,3rd,2523
2025-08-10,Consolation,6955
2025-08-10,Consolation,8450
2025-08-10,Starter,8976
2025-08-10,Consolation,6631
2025-08-10,Consolation,7432
2025-08-10,2nd,9577
2025-08-10,1st,4067
2025-08-13,3rd,0537
2025-08-13,Consolation,6048
2025-08-13,Consolation,0759
2025-08-13,Consolation,0782
2025-08-13,Consolation,8574
2025-08-13,Consolation,3875
2025-08-13,Consolation,4339
2025-08-13,Consolation,5490
2025-08-13,Consolation,6793
2025-08-13,Consolation,9177
2025-08-13,Consolation,2899
2025-08-13,Starter,2636
2025-08-13,Starter,2278
2025-08-13,Starter,5090
2025-08-13,Starter,3967
2025-08-13,Starter,3178
2025-08-13,Starter,7503
2025-08-13,2nd,9757
2025-08-13,Starter,1973
2025-08-13,Starter,1957
2025-08-13,Starter,5165
2025-08-13,1st,3380
2025-08-13,Starter,7986
2025-08-16,Consolation,6463
2025-08-16,Consolation,5483
2025-08-16,Consolation,2927
2025-08-16,Consolation,2630
2025-08-16,3rd,5488
2025-08-16,2nd,2555
2025-08-16,1st,4315
2025-08-16,Starter,7305
2025-08-16,Consolation,4965
2025-08-16,Consolation,8090
2025-08-16,Consolation,2168
2025-08-16,Starter,9655
2025-08-16,Starter,1244
2025-08-16,Starter,5860
2025-08-16,Starter,5729
2025-08-16,Starter,5597
2025-08-16,Starter,4615
2025-08-16,Starter,3076
2025-08-16,Consolation,1264
2025-08-16,Consolation,7294
2025-08-16,Consolation,9649
2025-08-16,Starter,8841
2025-08-16,Starter,7276
2025-08-17,Starter,1411
2025-08-17,Starter,8437
2025-08-17,Consolation,4490
2025-08-17,Consolation,2734
2025-08-17,Consolation,5098
2025-08-17,Consolation,9522
2025-08-17,Consolation,5203
2025-08-17,Starter,9746
2025-08-17,Consolation,6828
2025-08-17,Starter,5728
2025-08-17,Starter,4201
2025-08-17,Starter,3705
2025-08-17,Starter,4649
2025-08-17,Consolation,0726
2025-08-17,Starter,3164
2025-08-17,Starter,0546
2025-08-17,Consolation,5811
2025-08-17,Consolation,2459
2025-08-17,Consolation,3056
2025-08-17,Starter,4807
2025-08-17,3rd,2520
2025-08-17,2nd,7066
2025-08-17,1st,7477
2025-08-20,Consolation,2433
2025-08-20,Starter,3190
2025-08-20,1st,0707
2025-08-20,Consolation,8925
2025-08-20,3rd,9382
2025-08-20,Starter,6678
2025-08-20,Consolation,8545
2025-08-20,Consolation,6298
2025-08-20,Starter,6124
2025-08-20,Consolation,8265
2025-08-20,Consolation,2273
2025-08-20,Consolation,4916
2025-08-20,Consolation,1332
2025-08-20,Consolation,8703
2025-08-20,2nd,4411
2025-08-20,Starter,4379
2025-08-20,Starter,8842
2025-08-20,Starter,0283
2025-08-20,Starter,3332
2025-08-20,Starter,3013
2025-08-20,Starter,3115
2025-08-20,Consolation,7954
2025-08-20,Starter,7436
2025-08-23,Consolation,3128
2025-08-23,Consolation,3762
2025-08-23,Starter,5583
2025-08-23,Starter,4877
2025-08-23,Starter,0759
2025-08-23,Starter,2807
2025-08-23,Starter,8575
2025-08-23,1st,2250
2025-08-23,2nd,6325
2025-08-23,Consolation,1330
2025-08-23,Consolation,4234
2025-08-23,Starter,0721
2025-08-23,Starter,0297
2025-08-23,Starter,2136
2025-08-23,3rd,0963
2025-08-23,Consolation,1056
2025-08-23,Starter,9399
2025-08-23,Starter,5486
2025-08-23,Consolation,7566
2025-08-23,Consolation,9185
2025-08-23,Consolation,2354
2025-08-23,Consolation,0300
2025-08-23,Consolation,2870
2025-08-24,Consolation,6582
2025-08-24,Consolation,9666
2025-08-24,Consolation,9523
2025-08-24,Consolation,6913
2025-08-24,Consolation,8420
2025-08-24,Consolation,6131
2025-08-24,Starter,6108
2025-08-24,Consolation,3167
2025-08-24,Starter,8698
2025-08-24,Starter,6112
2025-08-24,Consolation,1120
2025-08-24,Starter,4136
2025-08-24,Starter,5744
2025-08-24,Consolation,9657
2025-08-24,3rd,3178
2025-08-24,Consolation,8280
2025-08-24,2nd,2313
2025-08-24,Starter,9897
2025-08-24,Starter,9983
2025-08-24,Starter,7170
2025-08-24,1st,9197
2025-08-24,Starter,6446
2025-08-24,Starter,6028
2025-08-27,2nd,3571
2025-08-27,1st,6768
2025-08-27,Consolation,1821
2025-08-27,Consolation,4192
2025-08-27,Starter,3075
2025-08-27,Consolation,2004
2025-08-27,Starter,3682
2025-08-27,Consolation,6503
2025-08-27,Consolation,4506
2025-08-27,Consolation,6115
2025-08-27,Consolation,8218
2025-08-27,Starter,1629
2025-08-27,Starter,6865
2025-08-27,Starter,4065
2025-08-27,Consolation,4421
2025-08-27,Starter,9076
2025-08-27,3rd,5907
2025-08-27,Starter,8637
2025-08-27,Starter,8400
2025-08-27,Consolation,7987
2025-08-27,Consolation,3631
2025-08-27,Starter,0860
2025-08-27,Starter,0065
2025-08-30,Starter,5654
2025-08-30,3rd,9118
2025-08-30,2nd,7994
2025-08-30,1st,9468
2025-08-30,Starter,6423
2025-08-30,Starter,5721
2025-08-30,Starter,2293
2025-08-30,Consolation,5565
2025-08-30,Starter,6389
2025-08-30,Consolation,5828
2025-08-30,Consolation,9474
2025-08-30,Consolation,4851
2025-08-30,Starter,4504
2025-08-30,Consolation,9526
2025-08-30,Consolation,0869
2025-08-30,Starter,6249
2025-08-30,Starter,6870
2025-08-30,Consolation,7023
2025-08-30,Consolation,5517
2025-08-30,Starter,1863
2025-08-30,Starter,9968
2025-08-30,Consolation,0116
2025-08-30,Consolation,9705
2025-08-31,Starter,1107
2025-08-31,Starter,5808
2025-08-31,Starter,4260
2025-08-31,Starter,0894
2025-08-31,Starter,0316
2025-08-31,Starter,3479
2025-08-31,1st,7057
2025-08-31,2nd,3257
2025-08-31,3rd,4907
2025-08-31,Starter,0263
2025-08-31,Consolation,3575
2025-08-31,Consolation,2001
2025-08-31,Consolation,6440
2025-08-31,Consolation,8124
2025-08-31,Consolation,1468
2025-08-31,Consolation,0781
2025-08-31,Starter,9197
2025-08-31,Starter,1715
2025-08-31,Consolation,0744
2025-08-31,Consolation,3659
2025-08-31,Consolation,4322
2025-08-31,Consolation,4070
2025-08-31,Starter,2878
2025-09-03,3rd,0801
2025-09-03,1st,9999
2025-09-03,Starter,6510
2025-09-03,Starter,5631
2025-09-03,Consolation,3432
2025-09-03,Starter,5083
2025-09-03,Starter,8567
2025-09-03,Starter,5096
2025-09-03,Starter,2456
2025-09-03,Consolation,4200
2025-09-03,Consolation,7311
2025-09-03,Starter,4820
2025-09-03,2nd,0419
2025-09-03,Consolation,1937
2025-09-03,Consolation,8743
2025-09-03,Consolation,4784
2025-09-03,Starter,1382
2025-09-03,Consolation,1713
2025-09-03,Starter,7064
2025-09-03,Consolation,3581
2025-09-03,Starter,5941
2025-09-03,Consolation,0988
2025-09-03,Consolation,8430
2025-09-06,Starter,0915
2025-09-06,Starter,5458
2025-09-06,Starter,0640
2025-09-06,Consolation,0075
2025-09-06,2nd,4463
2025-09-06,3rd,8242
2025-09-06,Starter,9214
2025-09-06,Consolation,0234
2025-09-06,Consolation,2262
2025-09-06,Consolation,1955
2025-09-06,Starter,9381
2025-09-06,Starter,3501
2025-09-06,Consolation,9645
2025-09-06,Consolation,1743
2025-09-06,Consolation,9900
2025-09-06,Starter,6917
2025-09-06,Starter,7007
2025-09-06,Consolation,6318
2025-09-06,Starter,9954
2025-09-06,1st,3136
2025-09-06,Starter,1857
2025-09-06,Consolation,8185
2025-09-06,Consolation,4771
2025-09-07,Starter,2655
2025-09-07,Consolation,6068
2025-09-07,Starter,5636
2025-09-07,Starter,7356
2025-09-07,Consolation,9386
2025-09-07,Starter,3086
2025-09-07,Starter,8770
2025-09-07,Starter,7797
2025-09-07,Starter,0332
2025-09-07,Starter,2315
2025-09-07,Starter,5408
2025-09-07,Consolation,0172
2025-09-07,Consolation,4367
2025-09-07,Consolation,4555
2025-09-07,1st,7336
2025-09-07,2nd,4265
2025-09-07,3rd,3126
2025-09-07,Consolation,0913
2025-09-07,Starter,7449
2025-09-07,Consolation,2946
2025-09-07,Consolation,3039
2025-09-07,Consolation,3175
2025-09-07,Consolation,2035
2025-09-10,Consolation,5233
2025-09-10,Consolation,9478
2025-09-10,Consolation,9065
2025-09-10,Consolation,6881
2025-09-10,Consolation,7524
2025-09-10,Starter,2425
2025-09-10,2nd,9426
2025-09-10,Consolation,8511
2025-09-10,Starter,0981
2025-09-10,Starter,6297
2025-09-10,Starter,7280
2025-09-10,Starter,7906
2025-09-10,Consolation,0216
2025-09-10,Starter,9188
2025-09-10,Starter,7861
2025-09-10,3rd,1508
2025-09-10,Starter,9178
2025-09-10,Consolation,2050
2025-09-10,Starter,4264
2025-09-10,Starter,3787
2025-09-10,Consolation,5402
2025-09-10,1st,7611
2025-09-10,Consolation,2473
2025-09-13,Starter,1104
2025-09-13,1st,9326
2025-09-13,3rd,0211
2025-09-13,Consolation,7781
2025-09-13,Starter,7719
2025-09-13,Starter,9878
2025-09-13,Starter,2751
2025-09-13,Starter,6567
2025-09-13,Starter,1298
2025-09-13,Starter,5227
2025-09-13,2nd,1655
2025-09-13,Consolation,4239
2025-09-13,Consolation,8677
2025-09-13,Consolation,2725
2025-09-13,Consolation,4426
2025-09-13,Consolation,5046
2025-09-13,Consolation,7620
2025-09-13,Starter,3034
2025-09-13,Starter,2390
2025-09-13,Starter,3998
2025-09-13,Consolation,3256
2025-09-13,Consolation,1861
2025-09-13,Consolation,3646
2025-09-14,1st,8015
2025-09-14,2nd,7894
2025-09-14,3rd,3486
2025-09-14,Consolation,7401
2025-09-14,Consolation,5410
2025-09-14,Starter,5965
2025-09-14,Consolation,4060
2025-09-14,Consolation,4691
2025-09-14,Consolation,8114
2025-09-14,Consolation,5468
2025-09-14,Starter,5683
2025-09-14,Consolation,6591
2025-09-14,Starter,7922
2025-09-14,Consolation,0514
2025-09-14,Starter,3429
2025-09-14,Consolation,2325
2025-09-14,Starter,9844
2025-09-14,Starter,1614
2025-09-14,Starter,5480
2025-09-14,Starter,3085
2025-09-14,Starter,8477
2025-09-14,Starter,5872
2025-09-14,Consolation,9231
2025-09-17,Consolation,9710
2025-09-17,Consolation,0782
2025-09-17,Consolation,3655
2025-09-17,Consolation,3052
2025-09-17,Consolation,0237
2025-09-17,Consolation,6516
2025-09-17,Consolation,5443
2025-09-17,Consolation,0266
2025-09-17,Consolation,9785
2025-09-17,Consolation,1227
2025-09-17,Starter,4894
2025-09-17,Starter,8478
2025-09-17,Starter,2518
2025-09-17,3rd,6170
2025-09-17,Starter,6613
2025-09-17,Starter,7743
2025-09-17,Starter,7947
2025-09-17,Starter,8102
2025-09-17,1st,8704
2025-09-17,2nd,3027
2025-09-17,Starter,0948
2025-09-17,Starter,9887
2025-09-17,Starter,3249
2025-09-20,Consolation,8677
2025-09-20,Starter,0634
2025-09-20,Starter,8373
2025-09-20,Starter,0898
2025-09-20,Consolation,7496
2025-09-20,Starter,0631
2025-09-20,Starter,8030
2025-09-20,Starter,7527
2025-09-20,3rd,0937
2025-09-20,Consolation,7258
2025-09-20,Consolation,8338
2025-09-20,Consolation,5503
2025-09-20,2nd,5803
2025-09-20,Consolation,2749
2025-09-20,Consolation,2919
2025-09-20,Consolation,5742
2025-09-20,Starter,1770
2025-09-20,1st,4611
2025-09-20,Starter,9240
2025-09-20,Consolation,7023
2025-09-20,Starter,7984
2025-09-20,Consolation,1620
2025-09-20,Starter,3434
2025-09-21,2nd,6815
2025-09-21,Consolation,6833
2025-09-21,Starter,0587
2025-09-21,Consolation,3735
2025-09-21,Consolation,3842
2025-09-21,Consolation,8782
2025-09-21,Consolation,9527
2025-09-21,3rd,6523
2025-09-21,Consolation,8400
2025-09-21,Consolation,4110
2025-09-21,Consolation,4624
2025-09-21,Starter,4069
2025-09-21,Starter,7455
2025-09-21,Starter,1434
2025-09-21,Consolation,8729
2025-09-21,Starter,6955
2025-09-21,Starter,1700
2025-09-21,Starter,6344
2025-09-21,Starter,4273
2025-09-21,Starter,4639
2025-09-21,Starter,6166
2025-09-21,Consolation,3678
2025-09-21,1st,3788
2025-09-24,3rd,7222
2025-09-24,2nd,9344
2025-09-24,1st,3091
2025-09-24,Consolation,7818
2025-09-24,Consolation,8872
2025-09-24,Consolation,3125
2025-09-24,Starter,3361
2025-09-24,Starter,3959
2025-09-24,Starter,4569
2025-09-24,Starter,4936
2025-09-24,Starter,0267
2025-09-24,Consolation,2137
2025-09-24,Starter,9052
2025-09-24,Starter,8699
2025-09-24,Consolation,0082
2025-09-24,Consolation,1604
2025-09-24,Consolation,3825
2025-09-24,Starter,6161
2025-09-24,Starter,9427
2025-09-24,Consolation,1877
2025-09-24,Consolation,6481
2025-09-24,Consolation,2138
2025-09-24,Starter,9036
2025-09-27,Consolation,6825
2025-09-27,Consolation,5689
2025-09-27,Consolation,9059
2025-09-27,2nd,7484
2025-09-27,Consolation,5260
2025-09-27,3rd,6362
2025-09-27,Consolation,9261
2025-09-27,Consolation,5011
2025-09-27,Consolation,2384
2025-09-27,Consolation,3937
2025-09-27,Consolation,0739
2025-09-27,Starter,7939
2025-09-27,Starter,3971
2025-09-27,Starter,1605
2025-09-27,Starter,0104
2025-09-27,Starter,4882
2025-09-27,Starter,0862
2025-09-27,Consolation,0339
2025-09-27,Starter,8773
2025-09-27,Starter,7782
2025-09-27,Starter,6309
2025-09-27,Starter,9123
2025-09-27,1st,4874
2025-09-28,3rd,6364
2025-09-28,Consolation,2667
2025-09-28,Consolation,7201
2025-09-28,1st,5958
2025-09-28,2nd,4956
2025-09-28,Consolation,6398
2025-09-28,Consolation,5438
2025-09-28,Consolation,5641
2025-09-28,Consolation,4952
2025-09-28,Consolation,8051
2025-09-28,Starter,8620
2025-09-28,Consolation,1928
2025-09-28,Starter,4980
2025-09-28,Starter,7835
2025-09-28,Starter,7034
2025-09-28,Starter,5162
2025-09-28,Starter,6049
2025-09-28,Consolation,1574
2025-09-28,Consolation,8643
2025-09-28,Starter,1898
2025-09-28,Starter,6495
2025-09-28,Starter,3054
2025-09-28,Starter,4756
2025-10-01,Consolation,0355
2025-10-01,Consolation,4950
2025-10-01,Consolation,5049
2025-10-01,Consolation,0400
2025-10-01,Consolation,1583
2025-10-01,3rd,8694
2025-10-01,Consolation,4150
2025-10-01,Consolation,8898
2025-10-01,Starter,9722
2025-10-01,Starter,2868
2025-10-01,Starter,6064
2025-10-01,2nd,6065
2025-10-01,Starter,4391
2025-10-01,Starter,1871
2025-10-01,Starter,4685
2025-10-01,Starter,0940
2025-10-01,Starter,8490
2025-10-01,Starter,6545
2025-10-01,Consolation,7717
2025-10-01,Starter,8378
2025-10-01,Consolation,9987
2025-10-01,1st,0526
2025-10-01,Consolation,5272
2025-10-04,Consolation,8015
2025-10-04,Consolation,6890
2025-10-04,Consolation,6403
2025-10-04,Consolation,4592
2025-10-04,Starter,8480
2025-10-04,3rd,6420
2025-10-04,2nd,9297
2025-10-04,Starter,9181
2025-10-04,1st,5051
2025-10-04,Consolation,9415
2025-10-04,Consolation,3669
2025-10-04,Consolation,6838
2025-10-04,Starter,1903
2025-10-04,Starter,1738
2025-10-04,Starter,2961
2025-10-04,Starter,0646
2025-10-04,Starter,0231
2025-10-04,Starter,7639
2025-10-04,Consolation,2962
2025-10-04,Starter,7244
2025-10-04,Starter,6641
2025-10-04,Consolation,3160
2025-10-04,Consolation,0199
2025-10-05,Consolation,6134
2025-10-05,1st,4913
2025-10-05,2nd,0809
2025-10-05,3rd,3232
2025-10-05,Consolation,7281
2025-10-05,Consolation,6643
2025-10-05,Consolation,9244
2025-10-05,Consolation,5596
2025-10-05,Starter,7739
2025-10-05,Starter,4824
2025-10-05,Consolation,4201
2025-10-05,Starter,6875
2025-10-05,Consolation,4980
2025-10-05,Starter,7205
2025-10-05,Starter,7476
2025-10-05,Starter,5174
2025-10-05,Starter,9314
2025-10-05,Consolation,3050
2025-10-05,Starter,4663
2025-10-05,Starter,3642
2025-10-05,Consolation,5156
2025-10-05,Starter,4579
2025-10-05,Consolation,7040
2025-10-08,Consolation,4082
2025-10-08,Consolation,9945
2025-10-08,Starter,0626
2025-10-08,Consolation,1288
2025-10-08,Consolation,4910
2025-10-08,Starter,4311
2025-10-08,Starter,8151
2025-10-08,Starter,5267
2025-10-08,Starter,0410
2025-10-08,Starter,8589
2025-10-08,Starter,3364
2025-10-08,Consolation,4291
2025-10-08,Consolation,5507
2025-10-08,Consolation,4926
2025-10-08,Starter,1365
2025-10-08,Starter,0095
2025-10-08,Consolation,1244
2025-10-08,Starter,4012
2025-10-08,Consolation,8602
2025-10-08,Consolation,3616
2025-10-08,1st,8079
2025-10-08,2nd,2929
2025-10-08,3rd,3834
2025-10-11,Consolation,6415
2025-10-11,Consolation,8308
2025-10-11,Starter,5500
2025-10-11,Consolation,7204
2025-10-11,Starter,5978
2025-10-11,Consolation,6160
2025-10-11,Starter,3169
2025-10-11,Consolation,5075
2025-10-11,Starter,3211
2025-10-11,Starter,7825
2025-10-11,Consolation,5014
2025-10-11,2nd,6200
2025-10-11,Starter,9588
2025-10-11,Consolation,2701
2025-10-11,Consolation,0827
2025-10-11,Consolation,0853
2025-10-11,Starter,5454
2025-10-11,Starter,7048
2025-10-11,Starter,0877
2025-10-11,Consolation,4891
2025-10-11,1st,3635
2025-10-11,3rd,8187
2025-10-11,Starter,0708
2025-10-12,Starter,4779
2025-10-12,Starter,4645
2025-10-12,3rd,9770
2025-10-12,Consolation,0423
2025-10-12,Starter,9779
2025-10-12,Starter,8117
2025-10-12,Starter,9212
2025-10-12,Starter,9073
2025-10-12,Starter,2530
2025-10-12,Starter,6621
2025-10-12,Consolation,1351
2025-10-12,1st,1060
2025-10-12,Consolation,8656
2025-10-12,Consolation,9485
2025-10-12,Starter,0431
2025-10-12,Starter,1479
2025-10-12,Consolation,9702
2025-10-12,2nd,7509
2025-10-12,Consolation,1544
2025-10-12,Consolation,2375
2025-10-12,Consolation,5293
2025-10-12,Consolation,6305
2025-10-12,Consolation,3052
2025-10-15,2nd,5444
2025-10-15,Starter,0508
2025-10-15,Starter,2542
2025-10-15,Starter,7175
2025-10-15,Starter,7619
2025-10-15,Starter,0683
2025-10-15,1st,7324
2025-10-15,Starter,0034
2025-10-15,Starter,7350
2025-10-15,Starter,1400
2025-10-15,Starter,3422
2025-10-15,Starter,7729
2025-10-15,Consolation,1833
2025-10-15,Consolation,6078
2025-10-15,Consolation,4183
2025-10-15,Consolation,0379
2025-10-15,Consolation,0083
2025-10-15,Consolation,8770
2025-10-15,Consolation,5937
2025-10-15,3rd,9456
2025-10-15,Consolation,7682
2025-10-15,Consolation,0409
2025-10-15,Consolation,1192
2025-10-18,Starter,0022
2025-10-18,Consolation,5716
2025-10-18,3rd,6240
2025-10-18,Consolation,1380
2025-10-18,Consolation,0069
2025-10-18,Starter,0435
2025-10-18,Consolation,4012
2025-10-18,Consolation,2882
2025-10-18,Consolation,9234
2025-10-18,Consolation,1548
2025-10-18,Starter,7246
2025-10-18,Consolation,9483
2025-10-18,Starter,2383
2025-10-18,Consolation,9642
2025-10-18,Starter,1456
2025-10-18,Starter,7096
2025-10-18,Starter,5747
2025-10-18,1st,6135
2025-10-18,Consolation,2314
2025-10-18,Starter,9251
2025-10-18,Starter,1215
2025-10-18,Starter,2748
2025-10-18,2nd,5681
2025-10-19,Starter,8212
2025-10-19,Starter,8472
2025-10-19,3rd,5928
2025-10-19,Consolation,4037
2025-10-19,Starter,4691
2025-10-19,2nd,8729
2025-10-19,Consolation,3130
2025-10-19,Starter,9398
2025-10-19,Consolation,6944
2025-10-19,Starter,6942
2025-10-19,Starter,1869
2025-10-19,Consolation,7253
2025-10-19,Consolation,0640
2025-10-19,Consolation,3424
2025-10-19,Starter,8791
2025-10-19,Consolation,8678
2025-10-19,1st,5548
2025-10-19,Consolation,9139
2025-10-19,Consolation,2702
2025-10-19,Starter,3582
2025-10-19,Starter,3444
2025-10-19,Starter,1684
2025-10-19,Consolation,2148
2025-10-22,Consolation,8492
2025-10-22,Consolation,0466
2025-10-22,Consolation,8274
2025-10-22,Consolation,7852
2025-10-22,Consolation,0640
2025-10-22,Starter,7844
2025-10-22,Starter,6532
2025-10-22,Starter,5349
2025-10-22,Starter,9618
2025-10-22,Starter,0223
2025-10-22,Consolation,7323
2025-10-22,Consolation,9664
2025-10-22,Starter,3757
2025-10-22,3rd,2503
2025-10-22,2nd,6143
2025-10-22,1st,8612
2025-10-22,Starter,9661
2025-10-22,Starter,0958
2025-10-22,Consolation,5050
2025-10-22,Consolation,4134
2025-10-22,Consolation,6088
2025-10-22,Starter,5241
2025-10-22,Starter,1438
2025-10-25,3rd,0898
2025-10-25,2nd,6896
2025-10-25,1st,8585
2025-10-25,Starter,9464
2025-10-25,Consolation,6853
2025-10-25,Consolation,5439
2025-10-25,Starter,8440
2025-10-25,Consolation,4406
2025-10-25,Starter,4167
2025-10-25,Consolation,3759
2025-10-25,Consolation,2085
2025-10-25,Consolation,1970
2025-10-25,Consolation,1254
2025-10-25,Consolation,8998
2025-10-25,Starter,9125
2025-10-25,Starter,8290
2025-10-25,Starter,7529
2025-10-25,Starter,7001
2025-10-25,Starter,4931
2025-10-25,Consolation,6262
2025-10-25,Starter,4438
2025-10-25,Starter,1375
2025-10-25,Consolation,6378
2025-10-26,Starter,7074
2025-10-26,Starter,7640
2025-10-26,Starter,7683
2025-10-26,Consolation,1296
2025-10-26,Starter,0848
2025-10-26,Consolation,8156
2025-10-26,Consolation,6388
2025-10-26,Consolation,3818
2025-10-26,Consolation,5200
2025-10-26,Starter,9470
2025-10-26,Consolation,7742
2025-10-26,1st,0316
2025-10-26,Consolation,7769
2025-10-26,Consolation,7829
2025-10-26,Consolation,0962
2025-10-26,Starter,4830
2025-10-26,Starter,8415
2025-10-26,Consolation,6399
2025-10-26,Starter,7984
2025-10-26,3rd,9639
2025-10-26,2nd,4178
2025-10-26,Starter,6247
2025-10-26,Starter,1933
2025-10-29,Consolation,8389
2025-10-29,Consolation,9959
2025-10-29,Consolation,3484
2025-10-29,Starter,5058
2025-10-29,Consolation,5091
2025-10-29,Consolation,5304
2025-10-29,Consolation,5580
2025-10-29,Consolation,1855
2025-10-29,Consolation,7020
2025-10-29,Consolation,7468
2025-10-29,Consolation,8181
2025-10-29,Starter,6024
2025-10-29,Starter,7011
2025-10-29,Starter,3796
2025-10-29,Starter,3780
2025-10-29,Starter,4421
2025-10-29,Starter,4768
2025-10-29,Starter,6221
2025-10-29,Starter,6179
2025-10-29,1st,3378
2025-10-29,2nd,2405
2025-10-29,3rd,0654
2025-10-29,Starter,7055
2025-11-01,Starter,0055
2025-11-01,Consolation,9218
2025-11-01,Consolation,0666
2025-11-01,Starter,9623
2025-11-01,Starter,1313
2025-11-01,Starter,1305
2025-11-01,Starter,6935
2025-11-01,Starter,9121
2025-11-01,Consolation,4652
2025-11-01,Starter,6544
2025-11-01,Starter,2873
2025-11-01,1st,4326
2025-11-01,Starter,3170
2025-11-01,Consolation,7384
2025-11-01,Consolation,5216
2025-11-01,Consolation,9662
2025-11-01,Consolation,4559
2025-11-01,Starter,3605
2025-11-01,Consolation,0240
2025-11-01,Consolation,7462
2025-11-01,3rd,8483
2025-11-01,2nd,6349
2025-11-01,Consolation,2483
2025-11-02,Starter,9741
2025-11-02,Starter,3225
2025-11-02,Starter,7498
2025-11-02,Starter,0174
2025-11-02,2nd,5263
2025-11-02,Starter,0593
2025-11-02,Starter,8969
2025-11-02,Starter,3794
2025-11-02,Starter,1512
2025-11-02,Consolation,0637
2025-11-02,Starter,1880
2025-11-02,Consolation,7289
2025-11-02,Consolation,7154
2025-11-02,Consolation,0563
2025-11-02,Consolation,8621
2025-11-02,Starter,9788
2025-11-02,Consolation,7067
2025-11-02,3rd,5848
2025-11-02,1st,8989
2025-11-02,Consolation,6570
2025-11-02,Consolation,8277
2025-11-02,Consolation,5537
2025-11-02,Consolation,2654
2025-11-05,Consolation,0344
2025-11-05,Starter,1126
2025-11-05,Starter,1441
2025-11-05,Starter,1737
2025-11-05,Starter,0851
2025-11-05,Starter,4700
2025-11-05,Starter,4987
2025-11-05,Starter,7459
2025-11-05,Consolation,0309
2025-11-05,Consolation,4840
2025-11-05,Starter,4295
2025-11-05,Consolation,0103
2025-11-05,Starter,9917
2025-11-05,Consolation,2947
2025-11-05,Consolation,2375
2025-11-05,Consolation,8837
2025-11-05,Consolation,1491
2025-11-05,1st,0180
2025-11-05,Consolation,2323
2025-11-05,Starter,6012
2025-11-05,3rd,6443
2025-11-05,2nd,2381
2025-11-05,Consolation,2997
2025-11-08,Consolation,4965
2025-11-08,Consolation,6069
2025-11-08,Consolation,0547
2025-11-08,Consolation,8763
2025-11-08,Starter,1866
2025-11-08,Starter,9995
2025-11-08,Consolation,0703
2025-11-08,Consolation,2634
2025-11-08,Consolation,7817
2025-11-08,Consolation,4389
2025-11-08,Consolation,4767
2025-11-08,Starter,3240
2025-11-08,1st,6456
2025-11-08,2nd,4233
2025-11-08,3rd,0536
2025-11-08,Consolation,6398
2025-11-08,Starter,0086
2025-11-08,Starter,6479
2025-11-08,Starter,6309
2025-11-08,Starter,7497
2025-11-08,Starter,9267
2025-11-08,Starter,6425
2025-11-08,Starter,0874
2025-11-09,Starter,8035
2025-11-09,Starter,9649
2025-11-09,Starter,6567
2025-11-09,Consolation,4156
2025-11-09,Starter,5448
2025-11-09,Starter,6889
2025-11-09,Starter,0919
2025-11-09,Consolation,0389
2025-11-09,Starter,5111
2025-11-09,Starter,1843
2025-11-09,Consolation,9274
2025-11-09,Consolation,5242
2025-11-09,Consolation,4847
2025-11-09,Consolation,9374
2025-11-09,Starter,0013
2025-11-09,Consolation,2238
2025-11-09,Consolation,1413
2025-11-09,Consolation,0735
2025-11-09,2nd,6827
2025-11-09,1st,7499
2025-11-09,Consolation,9944
2025-11-09,Starter,7176
2025-11-09,3rd,4528
2025-11-12,3rd,5996
2025-11-12,Starter,8023
2025-11-12,Starter,8519
2025-11-12,Starter,8813
2025-11-12,Starter,0603
2025-11-12,Starter,1786
2025-11-12,Consolation,7747
2025-11-12,Consolation,4921
2025-11-12,Consolation,4335
2025-11-12,Consolation,4226
2025-11-12,Consolation,3414
2025-11-12,Starter,3746
2025-11-12,Consolation,3015
2025-11-12,Consolation,2645
2025-11-12,Consolation,3888
2025-11-12,Starter,7727
2025-11-12,Starter,6852
2025-11-12,Consolation,8869
2025-11-12,Consolation,0329
2025-11-12,Starter,8726
2025-11-12,2nd,8618
2025-11-12,1st,9223
2025-11-12,Starter,9364
2025-11-15,Consolation,6952
2025-11-15,Consolation,3765
2025-11-15,Consolation,8951
2025-11-15,Consolation,0544
2025-11-15,Starter,7642
2025-11-15,Starter,9635
2025-11-15,Consolation,9577
2025-11-15,Consolation,0709
2025-11-15,Consolation,1824
2025-11-15,Starter,9897
2025-11-15,Consolation,0799
2025-11-15,Starter,1021
2025-11-15,Starter,5459
2025-11-15,1st,8862
2025-11-15,2nd,9781
2025-11-15,3rd,0781
2025-11-15,Starter,6276
2025-11-15,Starter,2119
2025-11-15,Starter,8234
2025-11-15,Consolation,8694
2025-11-15,Starter,7206
2025-11-15,Consolation,8817
2025-11-15,Starter,4606
2025-11-16,Consolation,3673
2025-11-16,Consolation,4834
2025-11-16,Starter,4486
2025-11-16,Consolation,2390
2025-11-16,Starter,3263
2025-11-16,Consolation,5762
2025-11-16,Consolation,6116
2025-11-16,Consolation,7906
2025-11-16,Consolation,0138
2025-11-16,2nd,7295
2025-11-16,Consolation,1785
2025-11-16,Starter,2946
2025-11-16,Starter,6618
2025-11-16,Consolation,9290
2025-11-16,Starter,7196
2025-11-16,Starter,8307
2025-11-16,3rd,6438
2025-11-16,Starter,7566
2025-11-16,1st,1396
2025-11-16,Starter,1803
2025-11-16,Starter,7561
2025-11-16,Starter,2867
2025-11-16,Consolation,5170
2025-11-19,Consolation,8716
2025-11-19,Consolation,7733
2025-11-19,Consolation,8116
2025-11-19,Consolation,1018
2025-11-19,1st,9551
2025-11-19,Consolation,1474
2025-11-19,Consolation,9908
2025-11-19,Consolation,2198
2025-11-19,Consolation,6542
2025-11-19,Consolation,8422
2025-11-19,Consolation,3011
2025-11-19,Starter,7783
2025-11-19,Starter,5935
2025-11-19,Starter,3262
2025-11-19,Starter,4463
2025-11-19,Starter,2316
2025-11-19,Starter,2335
2025-11-19,Starter,4648
2025-11-19,Starter,3137
2025-11-19,2nd,1551
2025-11-19,3rd,2033
2025-11-19,Starter,8730
2025-11-19,Starter,2131
2025-11-22,Consolation,5700
2025-11-22,Consolation,1494
2025-11-22,Consolation,0521
2025-11-22,Consolation,7413
2025-11-22,Consolation,9938
2025-11-22,Consolation,8705
2025-11-22,Consolation,8837
2025-11-22,Consolation,1081
2025-11-22,Consolation,0735
2025-11-22,1st,8590
2025-11-22,Consolation,5876
2025-11-22,Starter,5669
2025-11-22,Starter,3239
2025-11-22,Starter,8332
2025-11-22,Starter,9872
2025-11-22,Starter,2554
2025-11-22,Starter,1427
2025-11-22,Starter,9772
2025-11-22,Starter,3389
2025-11-22,3rd,3898
2025-11-22,2nd,5917
2025-11-22,Starter,9972
2025-11-22,Starter,4341
2025-11-23,Consolation,3785
2025-11-23,Starter,8657
2025-11-23,Consolation,4782
2025-11-23,3rd,6276
2025-11-23,Starter,3723
2025-11-23,Starter,4321
2025-11-23,Starter,0520
2025-11-23,1st,2755
2025-11-23,2nd,7850
2025-11-23,Consolation,2993
2025-11-23,Consolation,4790
2025-11-23,Consolation,7295
2025-11-23,Consolation,7405
2025-11-23,Starter,5381
2025-11-23,Starter,7849
2025-11-23,Starter,5380
2025-11-23,Starter,5329
2025-11-23,Consolation,4556
2025-11-23,Consolation,4665
2025-11-23,Consolation,3756
2025-11-23,Consolation,3906
2025-11-23,Starter,2315
2025-11-23,Starter,5001
2025-11-26,Consolation,4307
2025-11-26,Consolation,9601
2025-11-26,Consolation,7839
2025-11-26,Consolation,6279
2025-11-26,Starter,8675
2025-11-26,1st,1434
2025-11-26,2nd,5326
2025-11-26,Consolation,8037
2025-11-26,Consolation,4274
2025-11-26,Starter,0996
2025-11-26,Consolation,8968
2025-11-26,Starter,2636
2025-11-26,Consolation,8225
2025-11-26,Starter,5907
2025-11-26,Starter,0578
2025-11-26,Starter,0094
2025-11-26,Starter,5935
2025-11-26,Consolation,0939
2025-11-26,Starter,4986
2025-11-26,Starter,6711
2025-11-26,Starter,5250
2025-11-26,Consolation,8849
2025-11-26,3rd,2794
2025-11-29,Consolation,8581
2025-11-29,3rd,5438
2025-11-29,2nd,6713
2025-11-29,1st,7352
2025-11-29,Consolation,9893
2025-11-29,Starter,8347
2025-11-29,Consolation,9014
2025-11-29,Consolation,7778
2025-11-29,Consolation,7373
2025-11-29,Consolation,5309
2025-11-29,Starter,1138
2025-11-29,Starter,8329
2025-11-29,Starter,1451
2025-11-29,Starter,2868
2025-11-29,Starter,3816
2025-11-29,Starter,4748
2025-11-29,Starter,3446
2025-11-29,Starter,8340
2025-11-29,Consolation,9746
2025-11-29,Consolation,2611
2025-11-29,Consolation,4417
2025-11-29,Consolation,5138
2025-11-29,Starter,8776
2025-11-30,Starter,2642
2025-11-30,Consolation,6414
2025-11-30,3rd,9245
2025-11-30,Starter,2686
2025-11-30,Starter,8453
2025-11-30,2nd,4218
2025-11-30,1st,3393
2025-11-30,Consolation,1287
2025-11-30,Consolation,5096
2025-11-30,Consolation,6029
2025-11-30,Starter,6231
2025-11-30,Starter,2286
2025-11-30,Consolation,8301
2025-11-30,Starter,4307
2025-11-30,Consolation,1632
2025-11-30,Consolation,0132
2025-11-30,Consolation,5238
2025-11-30,Consolation,7190
2025-11-30,Starter,1731
2025-11-30,Starter,1207
2025-11-30,Starter,7490
2025-11-30,Consolation,6236
2025-11-30,Starter,4987
2025-12-03,Consolation,1857
2025-12-03,3rd,9746
2025-12-03,2nd,3848
2025-12-03,1st,7331
2025-12-03,Starter,5679
2025-12-03,Consolation,8971
2025-12-03,Consolation,9708
2025-12-03,Consolation,8914
2025-12-03,Consolation,0453
2025-12-03,Starter,2831
2025-12-03,Starter,9968
2025-12-03,Starter,9325
2025-12-03,Consolation,0703
2025-12-03,Starter,5018
2025-12-03,Starter,6543
2025-12-03,Consolation,6005
2025-12-03,Consolation,8570
2025-12-03,Starter,6842
2025-12-03,Starter,2639
2025-12-03,Starter,1782
2025-12-03,Starter,0631
2025-12-03,Consolation,4805
2025-12-03,Consolation,5587
2025-12-06,Consolation,6437
2025-12-06,Starter,0043
2025-12-06,Starter,6877
2025-12-06,Consolation,0711
2025-12-06,3rd,7876
2025-12-06,2nd,1278
2025-12-06,1st,1419
2025-12-06,Consolation,1982
2025-12-06,Starter,3875
2025-12-06,Starter,4748
2025-12-06,Starter,9175
2025-12-06,Consolation,5973
2025-12-06,Starter,7273
2025-12-06,Starter,8855
2025-12-06,Consolation,5764
2025-12-06,Consolation,3545
2025-12-06,Consolation,8735
2025-12-06,Starter,8373
2025-12-06,Consolation,9702
2025-12-06,Starter,8807
2025-12-06,Starter,8968
2025-12-06,Consolation,1447
2025-12-06,Consolation,7210
2025-12-07,3rd,3433
2025-12-07,2nd,7370
2025-12-07,1st,2508
2025-12-07,Starter,4141
2025-12-07,Starter,8494
2025-12-07,Starter,6883
2025-12-07,Starter,5556
2025-12-07,Starter,5874
2025-12-07,Starter,8804
2025-12-07,Starter,4928
2025-12-07,Consolation,8155
2025-12-07,Consolation,7937
2025-12-07,Consolation,5495
2025-12-07,Consolation,3456
2025-12-07,Consolation,7161
2025-12-07,Consolation,7479
2025-12-07,Consolation,6576
2025-12-07,Starter,4095
2025-12-07,Consolation,9520
2025-12-07,Consolation,9808
2025-12-07,Starter,0995
2025-12-07,Consolation,2032
2025-12-07,Starter,0788
2025-12-10,Starter,9019
2025-12-10,Starter,3912
2025-12-10,Starter,3782
2025-12-10,Starter,5652
2025-12-10,2nd,0320
2025-12-10,3rd,1329
2025-12-10,1st,1912
2025-12-10,Consolation,6168
2025-12-10,Consolation,5029
2025-12-10,Starter,2319
2025-12-10,Starter,9187
2025-12-10,Starter,8410
2025-12-10,Starter,9793
2025-12-10,Consolation,9349
2025-12-10,Consolation,9137
2025-12-10,Consolation,6531
2025-12-10,Consolation,9740
2025-12-10,Starter,6763
2025-12-10,Consolation,0610
2025-12-10,Consolation,6776
2025-12-10,Consolation,5896
2025-12-10,Consolation,0709
2025-12-10,Starter,7204
2025-12-13,3rd,2129
2025-12-13,Starter,2060
2025-12-13,1st,8789
2025-12-13,Consolation,0649
2025-12-13,2nd,7191
2025-12-13,Consolation,1600
2025-12-13,Consolation,8147
2025-12-13,Consolation,0932
2025-12-13,Consolation,4964
2025-12-13,Starter,7659
2025-12-13,Consolation,0274
2025-12-13,Starter,3462
2025-12-13,Consolation,5388
2025-12-13,Starter,8303
2025-12-13,Starter,9480
2025-12-13,Starter,6875
2025-12-13,Starter,5259
2025-12-13,Consolation,7453
2025-12-13,Starter,8898
2025-12-13,Starter,5013
2025-12-13,Starter,4944
2025-12-13,Consolation,0404
2025-12-13,Consolation,1586
2025-12-14,Consolation,5675
2025-12-14,Consolation,8914
2025-12-14,Consolation,5334
2025-12-14,Consolation,4417
2025-12-14,Consolation,6254
2025-12-14,1st,2056
2025-12-14,2nd,7688
2025-12-14,Consolation,6916
2025-12-14,Consolation,7259
2025-12-14,Starter,9780
2025-12-14,Starter,2661
2025-12-14,3rd,7385
2025-12-14,Starter,3115
2025-12-14,Consolation,1055
2025-12-14,Consolation,6494
2025-12-14,Starter,7364
2025-12-14,Starter,4136
2025-12-14,Starter,6091
2025-12-14,Starter,6407
2025-12-14,Starter,3079
2025-12-14,Starter,4917
2025-12-14,Starter,8349
2025-12-14,Consolation,2300
2025-12-17,1st,8391
2025-12-17,Consolation,3180
2025-12-17,2nd,1708
2025-12-17,3rd,4466
2025-12-17,Consolation,5316
2025-12-17,Consolation,2476
2025-12-17,Consolation,4232
2025-12-17,Consolation,1194
2025-12-17,Consolation,5925
2025-12-17,Starter,8305
2025-12-17,Consolation,6896
2025-12-17,Consolation,8281
2025-12-17,Starter,9892
2025-12-17,Starter,2824
2025-12-17,Starter,2544
2025-12-17,Starter,8207
2025-12-17,Starter,8185
2025-12-17,Starter,7913
2025-12-17,Consolation,6493
2025-12-17,Starter,7197
2025-12-17,Starter,6642
2025-12-17,Consolation,1481
2025-12-17,Starter,4562
2025-12-20,Consolation,6917
2025-12-20,Starter,5432
2025-12-20,Consolation,4853
2025-12-20,Starter,0147
2025-12-20,Consolation,6098
2025-12-20,Consolation,7273
2025-12-20,3rd,0825
2025-12-20,2nd,7435
2025-12-20,Consolation,7233
2025-12-20,1st,3114
2025-12-20,Starter,3818
2025-12-20,Starter,7065
2025-12-20,Starter,8101
2025-12-20,Starter,0093
2025-12-20,Consolation,3103
2025-12-20,Consolation,3626
2025-12-20,Consolation,2177
2025-12-20,Consolation,3997
2025-12-20,Starter,3880
2025-12-20,Starter,5321
2025-12-20,Starter,5945
2025-12-20,Consolation,3169
2025-12-20,Starter,4052
2025-12-21,2nd,4178
2025-12-21,1st,5263
2025-12-21,Consolation,3331
2025-12-21,Consolation,6851
2025-12-21,3rd,3857
2025-12-21,Consolation,5728
2025-12-21,Consolation,9907
2025-12-21,Starter,1521
2025-12-21,Starter,5027
2025-12-21,Starter,4474
2025-12-21,Starter,8076
2025-12-21,Starter,4090
2025-12-21,Starter,3098
2025-12-21,Starter,2763
2025-12-21,Starter,6891
2025-12-21,Starter,3970
2025-12-21,Consolation,7092
2025-12-21,Consolation,2448
2025-12-21,Consolation,7198
2025-12-21,Starter,9987
2025-12-21,Consolation,2870
2025-12-21,Consolation,7522
2025-12-21,Consolation,8518
2025-12-24,Starter,0865
2025-12-24,Starter,0791
2025-12-24,Consolation,9210
2025-12-24,Starter,8220
2025-12-24,Starter,8312
2025-12-24,Starter,4939
2025-12-24,Consolation,0927
2025-12-24,Starter,3506
2025-12-24,Starter,9473
2025-12-24,Starter,8301
2025-12-24,Starter,2850
2025-12-24,3rd,8002
2025-12-24,1st,9395
2025-12-24,Consolation,9274
2025-12-24,Consolation,2731
2025-12-24,Consolation,1233
2025-12-24,Consolation,1156
2025-12-24,2nd,9492
2025-12-24,Starter,9169
2025-12-24,Consolation,8319
2025-12-24,Consolation,5962
2025-12-24,Consolation,4199
2025-12-24,Consolation,3766
2025-12-27,3rd,7854
2025-12-27,2nd,8780
2025-12-27,1st,7308
2025-12-27,Consolation,0174
2025-12-27,Consolation,2573
2025-12-27,Starter,2581
2025-12-27,Consolation,9815
2025-12-27,Consolation,6997
2025-12-27,Consolation,1271
2025-12-27,Consolation,2389
2025-12-27,Starter,9751
2025-12-27,Consolation,2534
2025-12-27,Starter,8132
2025-12-27,Consolation,2226
2025-12-27,Starter,6485
2025-12-27,Starter,8718
2025-12-27,Starter,8612
2025-12-27,Consolation,6096
2025-12-27,Starter,3191
2025-12-27,Starter,7650
2025-12-27,Starter,6155
2025-12-27,Consolation,1352
2025-12-27,Starter,2935
2025-12-28,Consolation,0530
2025-12-28,Consolation,4365
2025-12-28,Consolation,5231
2025-12-28,Consolation,8512
2025-12-28,3rd,9591
2025-12-28,2nd,9138
2025-12-28,1st,9507
2025-12-28,Consolation,7789
2025-12-28,Consolation,1709
2025-12-28,Consolation,1751
2025-12-28,Consolation,3103
2025-12-28,Consolation,1935
2025-12-28,Starter,3964
2025-12-28,Starter,9454
2025-12-28,Starter,3093
2025-12-28,Starter,3897
2025-12-28,Starter,0808
2025-12-28,Starter,7659
2025-12-28,Consolation,1397
2025-12-28,Starter,6913
2025-12-28,Starter,8278
2025-12-28,Starter,9617
2025-12-28,Starter,5219
2025-12-31,Starter,0498
2025-12-31,1st,7136
2025-12-31,Starter,3049
2025-12-31,3rd,4347
2025-12-31,Starter,1445
2025-12-31,2nd,2553
2025-12-31,Starter,2694
2025-12-31,Starter,6837
2025-12-31,Starter,6832
2025-12-31,Starter,0220
2025-12-31,Consolation,5148
2025-12-31,Starter,9703
2025-12-31,Consolation,2766
2025-12-31,Consolation,2814
2025-12-31,Consolation,3835
2025-12-31,Consolation,4691
2025-12-31,Consolation,4781
2025-12-31,Consolation,2634
2025-12-31,Consolation,5437
2025-12-31,Consolation,7773
2025-12-31,Starter,5675
2025-12-31,Consolation,1989
2025-12-31,Starter,4834
2026-01-03,Consolation,8183
2026-01-03,Starter,7900
2026-01-03,Starter,7326
2026-01-03,Starter,4000
2026-01-03,Starter,9469
2026-01-03,Consolation,6591
2026-01-03,3rd,1859
2026-01-03,2nd,6215
2026-01-03,1st,3310
2026-01-03,Consolation,0171
2026-01-03,Starter,7303
2026-01-03,Consolation,6183
2026-01-03,Starter,8576
2026-01-03,Consolation,9499
2026-01-03,Starter,8741
2026-01-03,Consolation,7649
2026-01-03,Consolation,6824
2026-01-03,Starter,8653
2026-01-03,Starter,5712
2026-01-03,Consolation,5248
2026-01-03,Consolation,3640
2026-01-03,Consolation,1284
2026-01-03,Starter,7003
2026-01-04,Consolation,3589
2026-01-04,Starter,6374
2026-01-04,Consolation,9270
2026-01-04,Consolation,6464
2026-01-04,1st,3734
2026-01-04,2nd,7713
2026-01-04,3rd,9590
2026-01-04,Starter,1507
2026-01-04,Consolation,1749
2026-01-04,Starter,4423
2026-01-04,Consolation,7461
2026-01-04,Consolation,9066
2026-01-04,Consolation,2226
2026-01-04,Starter,0594
2026-01-04,Starter,7811
2026-01-04,Starter,9862
2026-01-04,Starter,9398
2026-01-04,Starter,6873
2026-01-04,Consolation,9114
2026-01-04,Starter,5853
2026-01-04,Consolation,4698
2026-01-04,Starter,1543
2026-01-04,Consolation,0893
2026-01-07,2nd,1009
2026-01-07,1st,4807
2026-01-07,3rd,3912
2026-01-07,Consolation,5209
2026-01-07,Consolation,7990
2026-01-07,Consolation,6906
2026-01-07,Starter,9599
2026-01-07,Consolation,7298
2026-01-07,Consolation,5074
2026-01-07,Starter,9084
2026-01-07,Consolation,2748
2026-01-07,Starter,9424
2026-01-07,Consolation,4376
2026-01-07,Starter,7971
2026-01-07,Starter,7352
2026-01-07,Starter,2788
2026-01-07,Consolation,9802
2026-01-07,Consolation,3930
2026-01-07,Starter,1877
2026-01-07,Starter,1374
2026-01-07,Starter,0680
2026-01-07,Starter,9246
2026-01-07,Consolation,3384
2026-01-10,Consolation,8172
2026-01-10,Starter,4337
2026-01-10,Starter,0946
2026-01-10,Consolation,1594
2026-01-10,Starter,5479
2026-01-10,Starter,4265
2026-01-10,Consolation,5923
2026-01-10,Starter,9330
2026-01-10,Consolation,5327
2026-01-10,Consolation,0519
2026-01-10,Starter,5864
2026-01-10,Consolation,6437
2026-01-10,Starter,3775
2026-01-10,Consolation,9468
2026-01-10,Starter,7786
2026-01-10,2nd,0938
2026-01-10,3rd,3023
2026-01-10,Consolation,6463
2026-01-10,1st,2038
2026-01-10,Consolation,6447
2026-01-10,Consolation,1556
2026-01-10,Starter,5262
2026-01-10,Starter,9825
2026-01-11,Starter,0763
2026-01-11,Starter,0322
2026-01-11,Starter,0428
2026-01-11,3rd,6102
2026-01-11,2nd,0542
2026-01-11,Starter,5272
2026-01-11,Starter,9275
2026-01-11,1st,3283
2026-01-11,Starter,6585
2026-01-11,Starter,8930
2026-01-11,Starter,6287
2026-01-11,Starter,2055
2026-01-11,Consolation,3066
2026-01-11,Consolation,7583
2026-01-11,Consolation,8375
2026-01-11,Consolation,2521
2026-01-11,Consolation,9196
2026-01-11,Consolation,9165
2026-01-11,Consolation,4097
2026-01-11,Consolation,2847
2026-01-11,Consolation,2587
2026-01-11,Consolation,8546
2026-01-11,Starter,1170
2026-01-14,1st,0305
2026-01-14,2nd,3505
2026-01-14,Starter,9722
2026-01-14,Consolation,2313
2026-01-14,Consolation,8781
2026-01-14,Consolation,7310
2026-01-14,Consolation,7131
2026-01-14,Consolation,9566
2026-01-14,Consolation,0763
2026-01-14,Consolation,0091
2026-01-14,Consolation,4646
2026-01-14,Starter,4870
2026-01-14,Starter,2669
2026-01-14,Starter,9107
2026-01-14,Starter,0837
2026-01-14,Starter,1410
2026-01-14,Starter,0163
2026-01-14,Starter,3412
2026-01-14,Starter,2695
2026-01-14,Consolation,3297
2026-01-14,3rd,5745
2026-01-14,Starter,9570
2026-01-14,Consolation,2914
2026-01-17,Starter,8143
2026-01-17,Consolation,3415
2026-01-17,Starter,5858
2026-01-17,Consolation,2401
2026-01-17,Starter,2176
2026-01-17,Starter,5919
2026-01-17,Starter,5552
2026-01-17,Starter,4737
2026-01-17,Starter,3267
2026-01-17,2nd,4525
2026-01-17,Starter,6016
2026-01-17,Consolation,8476
2026-01-17,Consolation,9005
2026-01-17,Consolation,6533
2026-01-17,Consolation,0536
2026-01-17,Consolation,0617
2026-01-17,1st,3236
2026-01-17,Starter,9945
2026-01-17,3rd,2694
2026-01-17,Consolation,4785
2026-01-17,Starter,7978
2026-01-17,Consolation,4790
2026-01-17,Consolation,8722
2026-01-18,Starter,8295
2026-01-18,Starter,8822
2026-01-18,Starter,9422
2026-01-18,Starter,2645
2026-01-18,Consolation,5316
2026-01-18,Starter,1190
2026-01-18,Starter,5471
2026-01-18,Consolation,8466
2026-01-18,Starter,2751
2026-01-18,Starter,4695
2026-01-18,Consolation,3527
2026-01-18,Consolation,2362
2026-01-18,Starter,1152
2026-01-18,Consolation,1557
2026-01-18,Starter,0267
2026-01-18,2nd,8717
2026-01-18,1st,5896
2026-01-18,3rd,4327
2026-01-18,Consolation,7017
2026-01-18,Consolation,6586
2026-01-18,Consolation,6399
2026-01-18,Consolation,5665
2026-01-18,Consolation,0348
2026-01-21,Consolation,9734
2026-01-21,Consolation,8540
2026-01-21,Starter,2336
2026-01-21,Starter,5994
2026-01-21,Starter,6431
2026-01-21,Starter,8599
2026-01-21,Starter,9840
2026-01-21,Starter,4308
2026-01-21,Consolation,0766
2026-01-21,Starter,1358
2026-01-21,Consolation,1169
2026-01-21,Consolation,5088
2026-01-21,Consolation,4613
2026-01-21,Consolation,6914
2026-01-21,Consolation,1145
2026-01-21,Consolation,9911
2026-01-21,Starter,9664
2026-01-21,3rd,8309
2026-01-21,2nd,6502
2026-01-21,1st,0452
2026-01-21,Starter,0849
2026-01-21,Consolation,0498
2026-01-21,Starter,0800
2026-01-24,Consolation,8328
2026-01-24,Consolation,3177
2026-01-24,Consolation,7133
2026-01-24,Consolation,6437
2026-01-24,Consolation,8184
2026-01-24,Starter,2450
2026-01-24,3rd,0991
2026-01-24,2nd,8557
2026-01-24,1st,7295
2026-01-24,Consolation,9735
2026-01-24,Consolation,0055
2026-01-24,Consolation,7530
2026-01-24,Starter,4516
2026-01-24,Starter,4126
2026-01-24,Starter,4570
2026-01-24,Starter,2243
2026-01-24,Starter,2018
2026-01-24,Consolation,5379
2026-01-24,Consolation,1872
2026-01-24,Starter,5071
2026-01-24,Starter,0497
2026-01-24,Starter,9072
2026-01-24,Starter,0712
2026-01-25,Consolation,2678
2026-01-25,Starter,3296
2026-01-25,Consolation,1616
2026-01-25,Consolation,2629
2026-01-25,Consolation,9042
2026-01-25,Starter,3596
2026-01-25,Consolation,9185
2026-01-25,3rd,3473
2026-01-25,2nd,3634
2026-01-25,1st,4025
2026-01-25,Starter,5968
2026-01-25,Starter,6585
2026-01-25,Starter,4734
2026-01-25,Starter,4960
2026-01-25,Consolation,7739
2026-01-25,Starter,2772
2026-01-25,Starter,4594
2026-01-25,Starter,5259
2026-01-25,Starter,3963
2026-01-25,Consolation,1788
2026-01-25,Consolation,0739
2026-01-25,Consolation,0132
2026-01-25,Consolation,6741
2026-01-28,Consolation,1156
2026-01-28,Starter,5337
2026-01-28,Starter,5919
2026-01-28,Consolation,1623
2026-01-28,Consolation,6233
2026-01-28,Starter,6193
2026-01-28,Starter,1179
2026-01-28,Consolation,6153
2026-01-28,Consolation,3157
2026-01-28,Consolation,3283
2026-01-28,Starter,5514
2026-01-28,Consolation,4885
2026-01-28,Consolation,5512
2026-01-28,Consolation,3481
2026-01-28,1st,9683
2026-01-28,Starter,6388
2026-01-28,Starter,4724
2026-01-28,Starter,4932
2026-01-28,Starter,2808
2026-01-28,Consolation,5739
2026-01-28,Starter,0617
2026-01-28,3rd,2081
2026-01-28,2nd,2287
2026-01-31,Starter,3631
2026-01-31,Starter,8293
2026-01-31,Starter,9354
2026-01-31,Starter,4235
2026-01-31,Starter,2225
2026-01-31,Consolation,4115
2026-01-31,Consolation,5336
2026-01-31,Consolation,6334
2026-01-31,Consolation,6870
2026-01-31,Consolation,9339
2026-01-31,Consolation,7138
2026-01-31,Consolation,9813
2026-01-31,Starter,6661
2026-01-31,Starter,0285
2026-01-31,3rd,6555
2026-01-31,2nd,7164
2026-01-31,1st,2490
2026-01-31,Starter,2628
2026-01-31,Starter,6547
2026-01-31,Consolation,4439
2026-01-31,Consolation,6399
2026-01-31,Consolation,3717
2026-01-31,Starter,0249
2026-02-01,Starter,1818
2026-02-01,Starter,2021
2026-02-01,Starter,9134
2026-02-01,Starter,4271
2026-02-01,Consolation,6946
2026-02-01,Starter,3015
2026-02-01,Consolation,6872
2026-02-01,3rd,0553
2026-02-01,2nd,0896
2026-02-01,1st,7970
2026-02-01,Starter,9406
2026-02-01,Consolation,4713
2026-02-01,Consolation,9806
2026-02-01,Consolation,3346
2026-02-01,Consolation,2144
2026-02-01,Consolation,8339
2026-02-01,Consolation,1952
2026-02-01,Starter,9463
2026-02-01,Starter,8533
2026-02-01,Starter,4932
2026-02-01,Consolation,8658
2026-02-01,Starter,6175
2026-02-01,Consolation,1931
2026-02-04,Starter,4890
2026-02-04,Starter,8899
2026-02-04,Consolation,4064
2026-02-04,Consolation,0681
2026-02-04,Consolation,9989
2026-02-04,Consolation,8397
2026-02-04,Consolation,8293
2026-02-04,Consolation,7358
2026-02-04,2nd,6119
2026-02-04,Starter,1167
2026-02-04,Consolation,0814
2026-02-04,Starter,0141
2026-02-04,Starter,3886
2026-02-04,Starter,5407
2026-02-04,Consolation,0403
2026-02-04,Starter,4390
2026-02-04,Starter,8328
2026-02-04,Starter,1308
2026-02-04,Starter,1206
2026-02-04,3rd,5301
2026-02-04,1st,7541
2026-02-04,Consolation,2599
2026-02-04,Consolation,6258
2026-02-07,Starter,9023
2026-02-07,Starter,0743
2026-02-07,Starter,7734
2026-02-07,Starter,1239
2026-02-07,Consolation,0001
2026-02-07,Starter,3246
2026-02-07,Starter,4394
2026-02-07,Starter,5148
2026-02-07,Consolation,2206
2026-02-07,1st,1516
2026-02-07,Consolation,4327
2026-02-07,Starter,3077
2026-02-07,3rd,7919
2026-02-07,2nd,8047
2026-02-07,Consolation,6852
2026-02-07,Consolation,7464
2026-02-07,Consolation,6510
2026-02-07,Starter,5232
2026-02-07,Consolation,7505
2026-02-07,Consolation,3038
2026-02-07,Consolation,1259
2026-02-07,Consolation,0979
2026-02-07,Starter,8070
2026-02-08,Consolation,3160
2026-02-08,Consolation,7143
2026-02-08,Consolation,3889
2026-02-08,Starter,9052
2026-02-08,Starter,0720
2026-02-08,Starter,0549
2026-02-08,Starter,6868
2026-02-08,Consolation,2798
2026-02-08,Consolation,6449
2026-02-08,2nd,4829
2026-02-08,Starter,3329
2026-02-08,Consolation,3516
2026-02-08,Starter,1015
2026-02-08,Starter,1949
2026-02-08,3rd,0499
2026-02-08,Consolation,5162
2026-02-08,Starter,8532
2026-02-08,Starter,5428
2026-02-08,Consolation,4593
2026-02-08,Consolation,3092
2026-02-08,1st,2916
2026-02-08,Consolation,7519
2026-02-08,Starter,5154
2026-02-11,Consolation,9624
2026-02-11,Consolation,2097
2026-02-11,Consolation,1933
2026-02-11,Consolation,0488
2026-02-11,Consolation,5434
2026-02-11,Consolation,7084
2026-02-11,Starter,4505
2026-02-11,Starter,2947
2026-02-11,1st,5878
2026-02-11,3rd,2758
2026-02-11,Starter,9002
2026-02-11,Starter,8057
2026-02-11,Consolation,0288
2026-02-11,Starter,6961
2026-02-11,Starter,0590
2026-02-11,Starter,0289
2026-02-11,Starter,7206
2026-02-11,Starter,4730
2026-02-11,Consolation,1875
2026-02-11,Consolation,2611
2026-02-11,Starter,3579
2026-02-11,Consolation,7156
2026-02-11,2nd,7907
2026-02-14,Consolation,9228
2026-02-14,Consolation,5574
2026-02-14,Consolation,5668
2026-02-14,Consolation,5221
2026-02-14,Consolation,7802
2026-02-14,Consolation,2191
2026-02-14,Starter,7906
2026-02-14,Starter,9403
2026-02-14,Consolation,9419
2026-02-14,Starter,7391
2026-02-14,Starter,6085
2026-02-14,Starter,7885
2026-02-14,Starter,4622
2026-02-14,Starter,3557
2026-02-14,1st,9651
2026-02-14,2nd,3688
2026-02-14,3rd,2645
2026-02-14,Starter,5836
2026-02-14,Consolation,3761
2026-02-14,Consolation,3760
2026-02-14,Starter,9526
2026-02-14,Consolation,2345
2026-02-14,Starter,2260
2026-02-15,Starter,3029
2026-02-15,Starter,5410
2026-02-15,Starter,3168
2026-02-15,Starter,7719
2026-02-15,Consolation,9830
2026-02-15,Consolation,1322
2026-02-15,Consolation,2304
2026-02-15,Consolation,8090
2026-02-15,Starter,3386
2026-02-15,Starter,0747
2026-02-15,Starter,8640
2026-02-15,Consolation,2378
2026-02-15,Starter,5071
2026-02-15,Consolation,3071
2026-02-15,Consolation,3830
2026-02-15,Consolation,7371
2026-02-15,2nd,4374
2026-02-15,1st,4198
2026-02-15,Starter,7525
2026-02-15,Starter,8008
2026-02-15,3rd,9747
2026-02-15,Consolation,0666
2026-02-15,Consolation,7748
2026-02-18,Starter,6470
2026-02-18,Starter,4953
2026-02-18,Starter,5273
2026-02-18,Consolation,4405
2026-02-18,Consolation,4030
2026-02-18,Starter,6437
2026-02-18,Consolation,9713
2026-02-18,Starter,6083
2026-02-18,Consolation,1445
2026-02-18,3rd,9591
2026-02-18,Consolation,0410
2026-02-18,Starter,1325
2026-02-18,Consolation,2208
2026-02-18,Starter,2632
2026-02-18,2nd,0301
2026-02-18,Consolation,6169
2026-02-18,Consolation,0013
2026-02-18,Consolation,8352
2026-02-18,Starter,4698
2026-02-18,Starter,3185
2026-02-18,1st,4118
2026-02-18,Consolation,5308
2026-02-18,Starter,7708
2026-02-21,Consolation,2191
2026-02-21,3rd,6890
2026-02-21,Starter,7011
2026-02-21,2nd,8468
2026-02-21,Starter,6141
2026-02-21,Starter,2201
2026-02-21,Starter,8174
2026-02-21,Starter,7269
2026-02-21,Starter,8975
2026-02-21,Starter,9759
2026-02-21,Consolation,9011
2026-02-21,1st,5888
2026-02-21,Consolation,4271
2026-02-21,Starter,0905
2026-02-21,Consolation,2681
2026-02-21,Starter,6086
2026-02-21,Starter,2639
2026-02-21,Consolation,6467
2026-02-21,Consolation,6044
2026-02-21,Consolation,3449
2026-02-21,Consolation,5815
2026-02-21,Consolation,0674
2026-02-21,Consolation,0891
2026-02-22,Consolation,4698
2026-02-22,Starter,7219
2026-02-22,Starter,0041
2026-02-22,Consolation,9419
2026-02-22,3rd,3568
2026-02-22,1st,1903
2026-02-22,Consolation,3301
2026-02-22,Consolation,1376
2026-02-22,Consolation,5217
2026-02-22,Starter,6171
2026-02-22,2nd,7215
2026-02-22,Consolation,5685
2026-02-22,Consolation,7875
2026-02-22,Consolation,9984
2026-02-22,Starter,3950
2026-02-22,Consolation,2634
2026-02-22,Consolation,1790
2026-02-22,Starter,6410
2026-02-22,Starter,6540
2026-02-22,Starter,7440
2026-02-22,Starter,1203
2026-02-22,Starter,8236
2026-02-22,Starter,1695
2026-02-25,Starter,0814
2026-02-25,Starter,1068
2026-02-25,Starter,3542
2026-02-25,Starter,5890
2026-02-25,Starter,4163
2026-02-25,Starter,8286
2026-02-25,Starter,8439
2026-02-25,Starter,6424
2026-02-25,Consolation,7266
2026-02-25,Consolation,6473
2026-02-25,Starter,3847
2026-02-25,Starter,9431
2026-02-25,Consolation,6034
2026-02-25,Consolation,8196
2026-02-25,Consolation,6445
2026-02-25,Consolation,4965
2026-02-25,Consolation,2357
2026-02-25,Consolation,3115
2026-02-25,Consolation,1511
2026-02-25,1st,1516
2026-02-25,2nd,7309
2026-02-25,3rd,2708
2026-02-25,Consolation,4586
2026-02-28,Starter,7897
2026-02-28,Consolation,9542
2026-02-28,Consolation,4558
2026-02-28,Consolation,8441
2026-02-28,Consolation,2090
2026-02-28,Consolation,4473
2026-02-28,Consolation,4101
2026-02-28,Consolation,2546
2026-02-28,Starter,5987
2026-02-28,Starter,7232
2026-02-28,Starter,7127
2026-02-28,Consolation,0433
2026-02-28,Starter,4486
2026-02-28,Starter,6901
2026-02-28,Starter,4256
2026-02-28,Starter,3679
2026-02-28,Starter,1002
2026-02-28,Consolation,0515
2026-02-28,Consolation,6202
2026-02-28,Starter,4411
2026-02-28,3rd,5482
2026-02-28,2nd,0198
2026-02-28,1st,4172
2026-03-01,Starter,2874
2026-03-01,Starter,5609
2026-03-01,Consolation,7953
2026-03-01,Starter,1083
2026-03-01,3rd,2607
2026-03-01,2nd,7192
2026-03-01,Starter,4697
2026-03-01,Consolation,0483
2026-03-01,Consolation,4408
2026-03-01,Starter,3869
2026-03-01,Consolation,7338
2026-03-01,Starter,0318
2026-03-01,Consolation,7340
2026-03-01,Consolation,9154
2026-03-01,Consolation,9595
2026-03-01,Consolation,6217
2026-03-01,Starter,8440
2026-03-01,Starter,0871
2026-03-01,Consolation,1995
2026-03-01,Consolation,2792
2026-03-01,Starter,1698
2026-03-01,1st,3927
2026-03-01,Starter,1854
2026-03-04,Starter,9324
2026-03-04,Consolation,1394
2026-03-04,Consolation,8088
2026-03-04,Consolation,7609
2026-03-04,Starter,1271
2026-03-04,Starter,1278
2026-03-04,Starter,5117
2026-03-04,Starter,5958
2026-03-04,Starter,6587
2026-03-04,Starter,8183
2026-03-04,Consolation,7597
2026-03-04,Consolation,1121
2026-03-04,Consolation,8251
2026-03-04,Starter,7128
2026-03-04,Starter,3102
2026-03-04,3rd,1804
2026-03-04,2nd,1835
2026-03-04,1st,4299
2026-03-04,Consolation,4339
2026-03-04,Consolation,3616
2026-03-04,Consolation,2964
2026-03-04,Consolation,5612
2026-03-07,Starter,4227
2026-03-07,Starter,7853
2026-03-07,Starter,6558
2026-03-07,Starter,3053
2026-03-07,1st,4146
2026-03-07,Starter,1007
2026-03-07,Starter,8388
2026-03-07,Consolation,3206
2026-03-07,Consolation,6337
2026-03-07,Consolation,8642
2026-03-07,Consolation,2391
2026-03-07,Starter,0456
2026-03-07,Consolation,6836
2026-03-07,Consolation,1427
2026-03-07,Consolation,9098
2026-03-07,Starter,4271
2026-03-07,Consolation,9321
2026-03-07,Consolation,0785
2026-03-07,2nd,7483
2026-03-07,3rd,9274
2026-03-07,Starter,9182
2026-03-07,Starter,1255
2026-03-07,Consolation,4573
2026-03-08,Consolation,4533
2026-03-08,Starter,7578
2026-03-08,Starter,6366
2026-03-08,Starter,1087
2026-03-08,Starter,9347
2026-03-08,Consolation,4471
2026-03-08,Consolation,4280
2026-03-08,Consolation,9541
2026-03-08,Consolation,1233
2026-03-08,Starter,1424
2026-03-08,Consolation,0327
2026-03-08,3rd,3974
2026-03-08,Consolation,6975
2026-03-08,Consolation,3430
2026-03-08,Starter,3875
2026-03-08,Starter,6036
2026-03-08,Starter,3974
2026-03-08,Consolation,2173
2026-03-08,Starter,0220
2026-03-08,2nd,6346
2026-03-08,1st,0473
2026-03-08,Starter,4174
2026-03-08,Consolation,1636
2026-03-11,Consolation,7039
2026-03-11,Starter,3707
2026-03-11,Starter,0073
2026-03-11,Starter,0338
2026-03-11,Starter,3927
2026-03-11,Consolation,9714
2026-03-11,Consolation,6373
2026-03-11,Starter,0820
2026-03-11,Consolation,1713
2026-03-11,Starter,7246
2026-03-11,Starter,1651
2026-03-11,Starter,2331
2026-03-11,Consolation,9927
2026-03-11,Consolation,2090
2026-03-11,Consolation,8830
2026-03-11,Consolation,3183
2026-03-11,Consolation,4943
2026-03-11,Consolation,3958
2026-03-11,1st,7905
2026-03-11,Starter,0732
2026-03-11,Starter,3877
2026-03-11,3rd,6773
2026-03-11,2nd,5435
2026-03-14,Starter,6881
2026-03-14,Starter,7273
2026-03-14,Starter,1366
2026-03-14,Consolation,4127
2026-03-14,3rd,3810
2026-03-14,2nd,7658
2026-03-14,Consolation,5803
2026-03-14,Consolation,3420
2026-03-14,Consolation,4059
2026-03-14,Consolation,9561
2026-03-14,Consolation,9391
2026-03-14,Starter,9269
2026-03-14,Consolation,2413
2026-03-14,Starter,6695
2026-03-14,Starter,4165
2026-03-14,Starter,4899
2026-03-14,Starter,5947
2026-03-14,Consolation,8304
2026-03-14,Consolation,0611
2026-03-14,1st,5409
2026-03-14,Starter,1904
2026-03-14,Starter,2415
2026-03-14,Consolation,9490
2026-03-15,Consolation,8456
2026-03-15,Consolation,9061
2026-03-15,Consolation,8658
2026-03-15,Consolation,0691
2026-03-15,Consolation,2049
2026-03-15,Consolation,3591
2026-03-15,Consolation,6162
2026-03-15,Starter,9891
2026-03-15,Consolation,3811
2026-03-15,Consolation,6915
2026-03-15,Consolation,6311
2026-03-15,Starter,1985
2026-03-15,Starter,8159
2026-03-15,Starter,1147
2026-03-15,Starter,0412
2026-03-15,Starter,7024
2026-03-15,2nd,9874
2026-03-15,3rd,1497
2026-03-15,Starter,1243
2026-03-15,Starter,3468
2026-03-15,Starter,2179
2026-03-15,1st,5747
2026-03-15,Starter,6074
2026-03-18,Starter,2559
2026-03-18,Starter,2058
2026-03-18,Starter,2042
2026-03-18,Starter,0809
2026-03-18,Starter,9558
2026-03-18,Consolation,7920
2026-03-18,Starter,7849
2026-03-18,Starter,3854
2026-03-18,Consolation,8427
2026-03-18,Consolation,7028
2026-03-18,2nd,6146
2026-03-18,3rd,6679
2026-03-18,Starter,0713
2026-03-18,Consolation,2300
2026-03-18,Consolation,4855
2026-03-18,Consolation,5969
2026-03-18,Consolation,6340
2026-03-18,Starter,4430
2026-03-18,Consolation,0786
2026-03-18,Consolation,7521
2026-03-18,1st,8312
2026-03-18,Starter,2338
2026-03-18,Consolation,8916
2026-03-21,Starter,9358
2026-03-21,Starter,5006
2026-03-21,Consolation,4055
2026-03-21,Consolation,3212
2026-03-21,Starter,6010
2026-03-21,Starter,3661
2026-03-21,Starter,7114
2026-03-21,Starter,7272
2026-03-21,Consolation,8438
2026-03-21,Starter,0220
2026-03-21,Starter,3505
2026-03-21,Consolation,3845
2026-03-21,Consolation,1287
2026-03-21,Consolation,7067
2026-03-21,Starter,7245
2026-03-21,Consolation,9263
2026-03-21,3rd,2977
2026-03-21,2nd,8717
2026-03-21,1st,0143
2026-03-21,Consolation,9380
2026-03-21,Consolation,9460
2026-03-21,Starter,5126
2026-03-21,Consolation,0299
2026-03-22,3rd,9294
2026-03-22,Consolation,2421
2026-03-22,Consolation,2908
2026-03-22,Consolation,0000
2026-03-22,Consolation,1145
2026-03-22,Consolation,3943
2026-03-22,Consolation,6978
2026-03-22,Consolation,7047
2026-03-22,Consolation,9240
2026-03-22,Starter,5223
2026-03-22,Consolation,3788
2026-03-22,Starter,9791
2026-03-22,Starter,0277
2026-03-22,Starter,7821
2026-03-22,Starter,6046
2026-03-22,Starter,5108
2026-03-22,Starter,2592
2026-03-22,Starter,1339
2026-03-22,1st,8649
2026-03-22,2nd,5289
2026-03-22,Consolation,1592
2026-03-22,Starter,9683
2026-03-22,Starter,8860
2026-03-25,Starter,9184
2026-03-25,Starter,8965
2026-03-25,Starter,5448
2026-03-25,Consolation,9423
2026-03-25,Starter,8176
2026-03-25,Consolation,6701
2026-03-25,Consolation,1401
2026-03-25,Consolation,7061
2026-03-25,Consolation,1061
2026-03-25,Starter,7877
2026-03-25,Starter,6016
2026-03-25,Starter,1171
2026-03-25,2nd,7229
2026-03-25,3rd,2863
2026-03-25,Consolation,2400
2026-03-25,Consolation,8011
2026-03-25,Consolation,5730
2026-03-25,Consolation,7313
2026-03-25,Starter,3789
2026-03-25,Consolation,6375
2026-03-25,Starter,4773
2026-03-25,1st,2729
2026-03-25,Starter,1245
2026-03-28,3rd,0444
2026-03-28,2nd,3957
2026-03-28,Consolation,1738
2026-03-28,Consolation,1841
2026-03-28,Consolation,9903
2026-03-28,Consolation,8030
2026-03-28,Consolation,2716
2026-03-28,1st,8750
2026-03-28,Consolation,3015
2026-03-28,Consolation,3959
2026-03-28,Consolation,9264
2026-03-28,Consolation,0478
2026-03-28,Starter,9710
2026-03-28,Starter,4596
2026-03-28,Starter,8360
2026-03-28,Starter,1556
2026-03-28,Starter,8612
2026-03-28,Starter,0205
2026-03-28,Starter,9036
2026-03-28,Consolation,0237
2026-03-28,Starter,7159
2026-03-28,Starter,0197
2026-03-28,Starter,4091
2026-03-29,Starter,6704
2026-03-29,2nd,3432
2026-03-29,Consolation,9361
2026-03-29,1st,2069
2026-03-29,Consolation,6178
2026-03-29,Starter,8270
2026-03-29,Consolation,7396
2026-03-29,3rd,6460
2026-03-29,Consolation,1754
2026-03-29,Consolation,0274
2026-03-29,Starter,7180
2026-03-29,Starter,6387
2026-03-29,Starter,9704
2026-03-29,Starter,5571
2026-03-29,Starter,5534
2026-03-29,Consolation,1223
2026-03-29,Starter,3067
2026-03-29,Starter,8143
2026-03-29,Consolation,9123
2026-03-29,Consolation,9602
2026-03-29,Consolation,4293
2026-03-29,Starter,9861
2026-03-29,Consolation,0108
2026-04-01,Consolation,5752
2026-04-01,Consolation,8270
2026-04-01,Consolation,5991
2026-04-01,Consolation,6006
2026-04-01,3rd,6737
2026-04-01,1st,4450
2026-04-01,2nd,0618
2026-04-01,Starter,3723
2026-04-01,Starter,3913
2026-04-01,Consolation,5048
2026-04-01,Consolation,6021
2026-04-01,Consolation,6426
2026-04-01,Starter,5002
2026-04-01,Starter,7977
2026-04-01,Starter,0687
2026-04-01,Starter,1092
2026-04-01,Starter,1236
2026-04-01,Consolation,5045
2026-04-01,Consolation,0459
2026-04-01,Starter,8912
2026-04-01,Starter,8240
2026-04-01,Starter,6418
2026-04-01,Consolation,5959
2026-04-04,3rd,4036
2026-04-04,2nd,4724
2026-04-04,1st,7752
2026-04-04,Starter,8416
2026-04-04,Starter,0228
2026-04-04,Consolation,4820
2026-04-04,Consolation,0519
2026-04-04,Consolation,4986
2026-04-04,Consolation,6434
2026-04-04,Starter,4052
2026-04-04,Consolation,0760
2026-04-04,Consolation,3668
2026-04-04,Consolation,8907
2026-04-04,Starter,4115
2026-04-04,Starter,6112
2026-04-04,Starter,4838
2026-04-04,Starter,7981
2026-04-04,Consolation,9153
2026-04-04,Starter,3161
2026-04-04,Starter,0060
2026-04-04,Starter,9834
2026-04-04,Consolation,1912
2026-04-04,Consolation,8263
2026-04-05,Consolation,0618
2026-04-05,Consolation,4964
2026-04-05,Starter,0374
2026-04-05,Consolation,8753
2026-04-05,3rd,1289
2026-04-05,2nd,0481
2026-04-05,1st,8866
2026-04-05,Consolation,4862
2026-04-05,Consolation,5175
2026-04-05,Consolation,0703
2026-04-05,Consolation,2635
2026-04-05,Consolation,2365
2026-04-05,Consolation,3264
2026-04-05,Starter,0990
2026-04-05,Starter,4274
2026-04-05,Starter,1723
2026-04-05,Starter,1151
2026-04-05,Starter,6166
2026-04-05,Starter,6969
2026-04-05,Starter,9606
2026-04-05,Consolation,3107
2026-04-05,Starter,5021
2026-04-05,Starter,4397
2026-04-08,1st,7195
2026-04-08,3rd,0981
2026-04-08,2nd,3618
2026-04-08,Consolation,7415
2026-04-08,Starter,9903
2026-04-08,Starter,2783
2026-04-08,Starter,8422
2026-04-08,Consolation,8824
2026-04-08,Starter,0690
2026-04-08,Starter,6981
2026-04-08,Consolation,8959
2026-04-08,Starter,7066
2026-04-08,Consolation,5708
2026-04-08,Starter,1003
2026-04-08,Consolation,1498
2026-04-08,Consolation,5563
2026-04-08,Starter,9654
2026-04-08,Starter,3040
2026-04-08,Consolation,2877
2026-04-08,Consolation,7804
2026-04-08,Consolation,7749
2026-04-08,Consolation,6278
2026-04-08,Starter,7333
2026-04-11,Consolation,2635
2026-04-11,Starter,0079
2026-04-11,3rd,8453
2026-04-11,2nd,4905
2026-04-11,Consolation,0135
2026-04-11,Consolation,8838
2026-04-11,Consolation,6399
2026-04-11,Consolation,5441
2026-04-11,Starter,0046
2026-04-11,Consolation,2739
2026-04-11,1st,8025
2026-04-11,Consolation,1508
2026-04-11,Starter,9789
2026-04-11,Consolation,5138
2026-04-11,Starter,9608
2026-04-11,Starter,9039
2026-04-11,Starter,2911
2026-04-11,Starter,6501
2026-04-11,Consolation,1975
2026-04-11,Consolation,8960
2026-04-11,Starter,7602
2026-04-11,Starter,0462
2026-04-11,Starter,4197
2026-04-12,Starter,5433
2026-04-12,Starter,3209
2026-04-12,Consolation,4251
2026-04-12,3rd,9689
2026-04-12,Consolation,5341
2026-04-12,1st,2218
2026-04-12,Starter,3346
2026-04-12,Starter,1175
2026-04-12,Starter,7289
2026-04-12,Starter,7175
2026-04-12,Consolation,8962
2026-04-12,Consolation,5658
2026-04-12,Consolation,6907
2026-04-12,Consolation,5941
2026-04-12,Consolation,3777
2026-04-12,Consolation,3231
2026-04-12,Consolation,8660
2026-04-12,Consolation,4919
2026-04-12,Starter,2636
2026-04-12,Starter,5928
2026-04-12,Starter,1219
2026-04-12,Starter,2128
2026-04-12,2nd,7083
2026-04-15,Starter,7647
2026-04-15,Starter,8981
2026-04-15,Starter,1471
2026-04-15,3rd,3072
2026-04-15,Starter,4502
2026-04-15,Starter,5125
2026-04-15,Starter,0036
2026-04-15,Consolation,8160
2026-04-15,Consolation,3334
2026-04-15,Consolation,3868
2026-04-15,Consolation,7138
2026-04-15,Consolation,4546
2026-04-15,Consolation,1927
2026-04-15,Consolation,2196
2026-04-15,Consolation,7501
2026-04-15,Starter,0313
2026-04-15,Starter,7846
2026-04-15,Consolation,6303
2026-04-15,1st,3873
2026-04-15,Starter,3749
2026-04-15,Starter,3713
2026-04-15,Consolation,5295
2026-04-15,2nd,4136
2026-04-18,2nd,0097
2026-04-18,3rd,3609
2026-04-18,Consolation,1791
2026-04-18,Consolation,2858
2026-04-18,Starter,9738
2026-04-18,Starter,5808
2026-04-18,Starter,8716
2026-04-18,Starter,3127
2026-04-18,1st,8953
2026-04-18,Starter,8236
2026-04-18,Consolation,5993
2026-04-18,Consolation,4887
2026-04-18,Consolation,2091
2026-04-18,Starter,9490
2026-04-18,Starter,9811
2026-04-18,Starter,2269
2026-04-18,Starter,9218
2026-04-18,Starter,8799
2026-04-18,Consolation,3503
2026-04-18,Consolation,3176
2026-04-18,Consolation,8230
2026-04-18,Consolation,6619
2026-04-18,Consolation,2581
2026-04-19,2nd,9216
2026-04-19,1st,9815
2026-04-19,3rd,5414
2026-04-19,Starter,7426
2026-04-19,Starter,9423
2026-04-19,Consolation,9445
2026-04-19,Consolation,3369
2026-04-19,Consolation,6881
2026-04-19,Consolation,6670
2026-04-19,Starter,1010
2026-04-19,Consolation,5400
2026-04-19,Consolation,9221
2026-04-19,Consolation,6526
2026-04-19,Consolation,9248
2026-04-19,Starter,6678
2026-04-19,Starter,1281
2026-04-19,Starter,2866
2026-04-19,Consolation,6102
2026-04-19,Starter,7506
2026-04-19,Starter,7862
2026-04-19,Starter,8447
2026-04-19,Starter,9359
2026-04-19,Consolation,9197
2026-04-22,Consolation,9889
2026-04-22,Starter,0806
2026-04-22,Starter,1279
2026-04-22,Starter,4427
2026-04-22,1st,2791
2026-04-22,3rd,9327
2026-04-22,2nd,3887
2026-04-22,Starter,7198
2026-04-22,Starter,1572
2026-04-22,Starter,1880
2026-04-22,Consolation,1597
2026-04-22,Consolation,9927
2026-04-22,Starter,6500
2026-04-22,Starter,5147
2026-04-22,Consolation,9726
2026-04-22,Consolation,4436
2026-04-22,Consolation,2043
2026-04-22,Starter,1995
2026-04-22,Consolation,1495
2026-04-22,Starter,8835
2026-04-22,Consolation,5645
2026-04-22,Consolation,7546
2026-04-22,Consolation,5992
2026-04-25,3rd,6097
2026-04-25,2nd,0006
2026-04-25,1st,9950
2026-04-25,Consolation,8916
2026-04-25,Starter,1787
2026-04-25,Consolation,9728
2026-04-25,Consolation,5834
2026-04-25,Consolation,9424
2026-04-25,Consolation,7938
2026-04-25,Consolation,8627
2026-04-25,Starter,7643
2026-04-25,Starter,0483
2026-04-25,Starter,5798
2026-04-25,Consolation,8487
2026-04-25,Starter,6447
2026-04-25,Starter,5025
2026-04-25,Consolation,4515
2026-04-25,Starter,5247
2026-04-25,Starter,3326
2026-04-25,Starter,5002
2026-04-25,Consolation,8508
2026-04-25,Starter,8180
2026-04-25,Consolation,8628
2026-04-26,Starter,7618
2026-04-26,Consolation,7069
2026-04-26,Consolation,0897
2026-04-26,1st,7937
2026-04-26,Starter,4297
2026-04-26,Starter,0537
2026-04-26,Starter,7387
2026-04-26,Starter,7226
2026-04-26,Starter,6662
2026-04-26,Starter,5365
2026-04-26,2nd,5970
2026-04-26,Starter,0392
2026-04-26,Consolation,8977
2026-04-26,Consolation,9351
2026-04-26,Consolation,2492
2026-04-26,Consolation,4036
2026-04-26,Consolation,4736
2026-04-26,Starter,1395
2026-04-26,Starter,9496
2026-04-26,Consolation,9777
2026-04-26,Consolation,9398
2026-04-26,3rd,6226
2026-04-26,Consolation,7273
2026-04-29,Starter,7008
2026-04-29,Starter,9323
2026-04-29,Starter,2694
2026-04-29,Starter,6515
2026-04-29,Consolation,8934
2026-04-29,Starter,7567
2026-04-29,Starter,9746
2026-04-29,3rd,8464
2026-04-29,2nd,5729
2026-04-29,Consolation,9312
2026-04-29,Starter,9443
2026-04-29,Consolation,1066
2026-04-29,1st,1167
2026-04-29,Starter,9427
2026-04-29,Consolation,8335
2026-04-29,Consolation,8896
2026-04-29,Consolation,8380
2026-04-29,Starter,7893
2026-04-29,Consolation,6935
2026-04-29,Consolation,4551
2026-04-29,Consolation,0412
2026-04-29,Consolation,4192
2026-04-29,Starter,5273
2026-05-02,Consolation,0907
2026-05-02,1st,2300
2026-05-02,2nd,8464
2026-05-02,3rd,4803
2026-05-02,Consolation,6017
2026-05-02,Consolation,0642
2026-05-02,Consolation,1349
2026-05-02,Consolation,2588
2026-05-02,Consolation,3481
2026-05-02,Consolation,4359
2026-05-02,Starter,0705
2026-05-02,Consolation,5868
2026-05-02,Starter,6677
2026-05-02,Consolation,4511
2026-05-02,Starter,0855
2026-05-02,Starter,6989
2026-05-02,Starter,2506
2026-05-02,Starter,6208
2026-05-02,Starter,1297
2026-05-02,Starter,9480
2026-05-02,Starter,1337
2026-05-02,Consolation,5027
2026-05-02,Starter,2660
2026-05-03,3rd,6943
2026-05-03,Consolation,9812
2026-05-03,2nd,5282
2026-05-03,Starter,4550
2026-05-03,Consolation,2691
2026-05-03,Consolation,2195
2026-05-03,Consolation,1247
2026-05-03,Consolation,1559
2026-05-03,Consolation,1637
2026-05-03,1st,6303
2026-05-03,Consolation,3379
2026-05-03,Consolation,8204
2026-05-03,Consolation,9629
2026-05-03,Starter,8810
2026-05-03,Starter,9048
2026-05-03,Starter,8197
2026-05-03,Starter,7136
2026-05-03,Starter,4899
2026-05-03,Starter,3869
2026-05-03,Starter,1703
2026-05-03,Starter,0773
2026-05-03,Consolation,1036
2026-05-03,Starter,9907
2026-05-06,Consolation,8395
2026-05-06,2nd,1192
2026-05-06,Consolation,1585
2026-05-06,Consolation,6123
2026-05-06,Consolation,3062
2026-05-06,1st,3361
2026-05-06,Consolation,2778
2026-05-06,Consolation,4651
2026-05-06,Consolation,1612
2026-05-06,Consolation,7092
2026-05-06,Consolation,9696
2026-05-06,Starter,6043
2026-05-06,Starter,3707
2026-05-06,Starter,5141
2026-05-06,3rd,8197
2026-05-06,Starter,6446
2026-05-06,Starter,8773
2026-05-06,Starter,8992
2026-05-06,Starter,6795
2026-05-06,Starter,1263
2026-05-06,Starter,0759
2026-05-06,Starter,2669
2026-05-06,Consolation,8016
2026-05-09,2nd,5740
2026-05-09,3rd,3253
2026-05-09,1st,5479
2026-05-09,Consolation,1716
2026-05-09,Consolation,2203
2026-05-09,Consolation,3337
2026-05-09,Starter,9929
2026-05-09,Consolation,1805
2026-05-09,Consolation,3669
2026-05-09,Consolation,4878
2026-05-09,Consolation,8521
2026-05-09,Consolation,0816
2026-05-09,Starter,5946
2026-05-09,Starter,9690
2026-05-09,Starter,1350
2026-05-09,Consolation,2587
2026-05-09,Starter,2482
2026-05-09,Starter,0157
2026-05-09,Starter,3017
2026-05-09,Starter,3072
2026-05-09,Starter,4379
2026-05-09,Consolation,5828
2026-05-09,Starter,1221
2026-05-10,Starter,0431
2026-05-10,Consolation,2679
2026-05-10,Consolation,4979
2026-05-10,Consolation,2441
2026-05-10,Starter,0327
2026-05-10,Starter,0047
2026-05-10,Starter,0081
2026-05-10,3rd,4814
2026-05-10,Consolation,2994
2026-05-10,Consolation,0738
2026-05-10,1st,7517
2026-05-10,Consolation,2171
2026-05-10,Consolation,8281
2026-05-10,Consolation,6948
2026-05-10,2nd,1486
2026-05-10,Starter,9624
2026-05-10,Starter,7976
2026-05-10,Starter,6906
2026-05-10,Starter,2585
2026-05-10,Consolation,0017
2026-05-10,Starter,5535
2026-05-10,Consolation,1079
2026-05-10,Starter,2259
2026-05-13,Consolation,5008
2026-05-13,Consolation,5031
2026-05-13,Consolation,3819
2026-05-13,Consolation,0391
2026-05-13,Starter,6847
2026-05-13,Starter,3540
2026-05-13,Consolation,2359
2026-05-13,Starter,8087
2026-05-13,Starter,8229
2026-05-13,Starter,7733
2026-05-13,Consolation,1663
2026-05-13,Starter,1457
2026-05-13,3rd,6465
2026-05-13,Starter,7865
2026-05-13,Starter,6166
2026-05-13,Starter,9026
2026-05-13,Consolation,1374
2026-05-13,Consolation,8003
2026-05-13,2nd,0496
2026-05-13,1st,0672
2026-05-13,Consolation,1527
2026-05-13,Starter,2132
2026-05-13,Consolation,7646
2026-05-16,Starter,5291
2026-05-16,Consolation,9608
2026-05-16,Consolation,5814
2026-05-16,Starter,2692
2026-05-16,Consolation,4908
2026-05-16,Consolation,2834
2026-05-16,Consolation,7216
2026-05-16,3rd,5182
2026-05-16,2nd,5857
2026-05-16,1st,2735
2026-05-16,Starter,9893
2026-05-16,Consolation,5862
2026-05-16,Starter,9635
2026-05-16,Starter,7746
2026-05-16,Consolation,2274
2026-05-16,Consolation,3287
2026-05-16,Consolation,3678
2026-05-16,Starter,2805
2026-05-16,Consolation,9071
2026-05-16,Starter,6670
2026-05-16,Starter,8571
2026-05-16,Starter,8886
2026-05-16,Starter,5208
2026-05-17,1st,0368
2026-05-17,2nd,8885
2026-05-17,3rd,4558
2026-05-17,Starter,9205
2026-05-17,Consolation,9826
2026-05-17,Starter,9672
2026-05-17,Starter,4532
2026-05-17,Consolation,2337
2026-05-17,Consolation,2662
2026-05-17,Starter,7075
2026-05-17,Starter,8441
2026-05-17,Consolation,3287
2026-05-17,Starter,6823
2026-05-17,Starter,0777
2026-05-17,Starter,5227
2026-05-17,Consolation,9897
2026-05-17,Consolation,5711
2026-05-17,Starter,8802
2026-05-17,Consolation,1871
2026-05-17,Consolation,3608
2026-05-17,Starter,1776
2026-05-17,Consolation,6381
2026-05-17,Consolation,5975
2026-05-20,Consolation,2314
2026-05-20,Consolation,2937
2026-05-20,Consolation,4355
2026-05-20,Consolation,4683
2026-05-20,Starter,5479
2026-05-20,Starter,3075
2026-05-20,3rd,8945
2026-05-20,Consolation,2066
2026-05-20,Consolation,9442
2026-05-20,Consolation,0706
2026-05-20,Starter,8812
2026-05-20,Starter,3722
2026-05-20,Consolation,9345
2026-05-20,Consolation,7416
2026-05-20,Starter,1117
2026-05-20,Starter,2873
2026-05-20,Consolation,0582
2026-05-20,Starter,7057
2026-05-20,1st,7699
2026-05-20,Starter,5720
2026-05-20,Starter,8567
2026-05-20,Starter,8736
2026-05-20,2nd,9517
2026-05-23,Consolation,6351
2026-05-23,Consolation,6264
2026-05-23,Consolation,2904
2026-05-23,Starter,4794
2026-05-23,1st,2176
2026-05-23,2nd,3757
2026-05-23,3rd,1899
2026-05-23,Consolation,2063
2026-05-23,Starter,9074
2026-05-23,Consolation,1521
2026-05-23,Starter,5414
2026-05-23,Starter,4885
2026-05-23,Starter,6858
2026-05-23,Starter,0443
2026-05-23,Starter,6840
2026-05-23,Consolation,7515
2026-05-23,Consolation,6697
2026-05-23,Consolation,3368
2026-05-23,Starter,1461
2026-05-23,Starter,2376
2026-05-23,Consolation,8994
2026-05-23,Starter,8600
2026-05-23,Consolation,2127
2026-05-24,2nd,5499
2026-05-24,Starter,3787
2026-05-24,1st,7758
2026-05-24,Starter,2668
2026-05-24,Consolation,4044
2026-05-24,Starter,3546
2026-05-24,Starter,7874
2026-05-24,3rd,2847
2026-05-24,Consolation,0015
2026-05-24,Consolation,2893
2026-05-24,Consolation,5266
2026-05-24,Starter,6392
2026-05-24,Starter,7101
2026-05-24,Starter,8473
2026-05-24,Consolation,8732
2026-05-24,Consolation,3509
2026-05-24,Consolation,3799
2026-05-24,Consolation,6454
2026-05-24,Consolation,7884
2026-05-24,Starter,7953
2026-05-24,Consolation,7232
2026-05-24,Starter,5918
2026-05-24,Starter,3745
2026-05-27,Starter,6599
2026-05-27,Consolation,9681
2026-05-27,Starter,0846
2026-05-27,Consolation,1858
2026-05-27,Starter,7883
2026-05-27,Starter,0334
2026-05-27,1st,1516
2026-05-27,3rd,1415
2026-05-27,Consolation,4099
2026-05-27,Consolation,4368
2026-05-27,2nd,6093
2026-05-27,Consolation,0508
2026-05-27,Consolation,7122
2026-05-27,Starter,9716
2026-05-27,Consolation,4216
2026-05-27,Starter,7281
2026-05-27,Starter,1723
2026-05-27,Starter,3741
2026-05-27,Starter,2143
2026-05-27,Consolation,8107
2026-05-27,Consolation,7116
2026-05-27,Consolation,8924
2026-05-27,Starter,0727
2026-05-30,Consolation,0376
2026-05-30,Starter,0802
2026-05-30,Starter,8899
2026-05-30,Starter,8498
2026-05-30,Starter,8560
2026-05-30,Starter,4025
2026-05-30,Starter,5959
2026-05-30,Consolation,7709
2026-05-30,Starter,1076
2026-05-30,Consolation,1039
2026-05-30,Starter,2124
2026-05-30,Starter,7425
2026-05-30,3rd,4930
2026-05-30,Starter,3375
2026-05-30,Consolation,2055
2026-05-30,Consolation,0592
2026-05-30,1st,9806
2026-05-30,Consolation,0326
2026-05-30,2nd,9130
2026-05-30,Consolation,7365
2026-05-30,Consolation,5658
2026-05-30,Consolation,2677
2026-05-30,Consolation,0590
2026-05-31,Consolation,8596
2026-05-31,Consolation,1041
2026-05-31,Consolation,0564
2026-05-31,Consolation,8424
2026-05-31,Consolation,9732
2026-05-31,Consolation,2266
2026-05-31,Consolation,3995
2026-05-31,Consolation,9937
2026-05-31,Starter,3424
2026-05-31,Consolation,4402
2026-05-31,Starter,5533
2026-05-31,Starter,8915
2026-05-31,1st,1869
2026-05-31,Starter,5536
2026-05-31,2nd,7776
2026-05-31,Starter,6648
2026-05-31,Starter,9851
2026-05-31,Starter,1332
2026-05-31,Consolation,8811
2026-05-31,Starter,2810
2026-05-31,Starter,9392
2026-05-31,3rd,8675
2026-05-31,Starter,7367
2026-06-03,Starter,2354
2026-06-03,Starter,3121
2026-06-03,Starter,1375
2026-06-03,Starter,2292
2026-06-03,Consolation,4542
2026-06-03,Consolation,4160
2026-06-03,Consolation,5459
2026-06-03,Starter,0126
2026-06-03,Starter,8834
2026-06-03,Consolation,3753
2026-06-03,Consolation,9038
2026-06-03,Consolation,6360
2026-06-03,Consolation,6572
2026-06-03,Starter,8707
2026-06-03,Starter,1212
2026-06-03,Consolation,8376
2026-06-03,Consolation,0637
2026-06-03,Starter,0171
2026-06-03,Consolation,5865
2026-06-03,Starter,0949
2026-06-03,1st,2414
2026-06-03,3rd,2868
2026-06-03,2nd,8613
2026-06-06,Starter,9420
2026-06-06,Starter,6146
2026-06-06,3rd,4220
2026-06-06,2nd,0196
2026-06-06,Starter,0546
2026-06-06,Consolation,8059
2026-06-06,Consolation,4866
2026-06-06,Consolation,0465
2026-06-06,Consolation,4063
2026-06-06,Consolation,0014
2026-06-06,Consolation,6153
2026-06-06,Starter,4371
2026-06-06,Consolation,0871
2026-06-06,Consolation,9076
2026-06-06,Starter,4638
2026-06-06,Starter,2056
2026-06-06,Starter,0940
2026-06-06,Consolation,9178
2026-06-06,Starter,7680
2026-06-06,Starter,9554
2026-06-06,Starter,2419
2026-06-06,Consolation,0313
2026-06-06,1st,5974
2026-06-07,Starter,0247
2026-06-07,Starter,1076
2026-06-07,Starter,1700
2026-06-07,Starter,2385
2026-06-07,1st,0735
2026-06-07,2nd,1094
2026-06-07,3rd,9296
2026-06-07,Starter,1440
2026-06-07,Consolation,1166
2026-06-07,Starter,9316
2026-06-07,Consolation,5193
2026-06-07,Consolation,5754
2026-06-07,Starter,9001
2026-06-07,Consolation,8297
2026-06-07,Starter,9936
2026-06-07,Consolation,7638
2026-06-07,Starter,2839
2026-06-07,Consolation,7878
2026-06-07,Consolation,5178
2026-06-07,Consolation,4591
2026-06-07,Consolation,0910
2026-06-07,Starter,2146
2026-06-07,Consolation,8473
2026-06-10,Consolation,4175
2026-06-10,Consolation,2225
2026-06-10,Consolation,3014
2026-06-10,Starter,9435
2026-06-10,Starter,7415
2026-06-10,Consolation,6341
2026-06-10,Consolation,8414
2026-06-10,Starter,6293
2026-06-10,Starter,7177
2026-06-10,Consolation,7543
2026-06-10,Starter,9046
2026-06-10,Consolation,2903
2026-06-10,Starter,9106
2026-06-10,Starter,5822
2026-06-10,Starter,5970
2026-06-10,3rd,2553
2026-06-10,Starter,1046
2026-06-10,Starter,8931
2026-06-10,Consolation,7434
2026-06-10,Consolation,6672
2026-06-10,1st,1622
2026-06-10,2nd,2601
2026-06-10,Consolation,0173
2026-06-13,Consolation,9949
2026-06-13,Starter,3478
2026-06-13,Starter,1350
2026-06-13,Starter,8665
2026-06-13,Consolation,0625
2026-06-13,Consolation,9378
2026-06-13,Starter,7436
2026-06-13,Consolation,2122
2026-06-13,Starter,6812
2026-06-13,Starter,0136
2026-06-13,Starter,5827
2026-06-13,Starter,8039
2026-06-13,Consolation,1545
2026-06-13,Consolation,2241
2026-06-13,Consolation,5315
2026-06-13,3rd,6943
2026-06-13,2nd,8081
2026-06-13,1st,5478
2026-06-13,Starter,6189
2026-06-13,Consolation,1007
2026-06-13,Consolation,3671
2026-06-13,Consolation,5055
2026-06-13,Starter,0376
2026-06-14,Starter,8476
2026-06-14,Starter,9291
2026-06-14,Starter,3160
2026-06-14,Consolation,4202
2026-06-14,Starter,6088
2026-06-14,Consolation,2086
2026-06-14,Starter,9750
2026-06-14,Starter,4345
2026-06-14,Consolation,0669
2026-06-14,Starter,4433
2026-06-14,Starter,9397
2026-06-14,Consolation,7035
2026-06-14,Consolation,8627
2026-06-14,Consolation,0949
2026-06-14,Starter,1210
2026-06-14,2nd,6689
2026-06-14,3rd,6318
2026-06-14,Starter,0405
2026-06-14,1st,4048
2026-06-14,Consolation,2251
2026-06-14,Consolation,7003
2026-06-14,Consolation,3185
2026-06-14,Consolation,9339
2026-06-17,Consolation,8999
2026-06-17,Consolation,9964
2026-06-17,Consolation,3334
2026-06-17,Consolation,3066
2026-06-17,Consolation,2255
2026-06-17,Consolation,2426
2026-06-17,Consolation,3022
2026-06-17,Consolation,0374
2026-06-17,Consolation,6065
2026-06-17,Consolation,6322
2026-06-17,Starter,2658
2026-06-17,Starter,4249
2026-06-17,Starter,2071
2026-06-17,Starter,1111
2026-06-17,Starter,6515
2026-06-17,3rd,8219
2026-06-17,2nd,3831
2026-06-17,Starter,6510
2026-06-17,Starter,6663
2026-06-17,Starter,7776
2026-06-17,Starter,7412
2026-06-17,Starter,1389
2026-06-17,1st,4505
2026-06-20,Starter,5816
2026-06-20,Consolation,8916
2026-06-20,Consolation,0219
2026-06-20,Consolation,7552
2026-06-20,Starter,3800
2026-06-20,Consolation,0062
2026-06-20,Consolation,6424
2026-06-20,Consolation,6118
2026-06-20,Consolation,8286
2026-06-20,Starter,1835
2026-06-20,Starter,6608
2026-06-20,Starter,3726
2026-06-20,Consolation,4693
2026-06-20,Consolation,8663
2026-06-20,Starter,0324
2026-06-20,Starter,1364
2026-06-20,Starter,0327
2026-06-20,Starter,6989
2026-06-20,Starter,9564
2026-06-20,1st,9954
2026-06-20,2nd,2614
2026-06-20,3rd,6272
2026-06-20,Consolation,0445
2026-06-21,Consolation,2706
2026-06-21,Consolation,2213
2026-06-21,Consolation,9296
2026-06-21,Consolation,8986
2026-06-21,Starter,6957
2026-06-21,Starter,2763
2026-06-21,Consolation,1885
2026-06-21,Consolation,4267
2026-06-21,Consolation,4731
2026-06-21,Consolation,8910
2026-06-21,Starter,5680
2026-06-21,Starter,5291
2026-06-21,Starter,9725
2026-06-21,Starter,5347
2026-06-21,Starter,3432
2026-06-21,Starter,4071
2026-06-21,Starter,9092
2026-06-21,Starter,7789
2026-06-21,Consolation,7957
2026-06-21,1st,0257
2026-06-21,2nd,3416
2026-06-21,3rd,9162
2026-06-21,Consolation,2730
2026-06-24,1st,5950
2026-06-24,Consolation,6654
2026-06-24,Starter,8801
2026-06-24,Starter,4683
2026-06-24,Consolation,8255
2026-06-24,Consolation,6718
2026-06-24,Consolation,1939
2026-06-24,Consolation,5395
2026-06-24,3rd,1793
2026-06-24,2nd,2916
2026-06-24,Starter,0398
2026-06-24,Starter,2323
2026-06-24,Starter,6302
2026-06-24,Consolation,8838
2026-06-24,Consolation,4532
2026-06-24,Consolation,2196
2026-06-24,Starter,3258
2026-06-24,Consolation,2645
2026-06-24,Starter,1847
2026-06-24,Consolation,2847
2026-06-24,Starter,4347
2026-06-24,Starter,9756
2026-06-24,Starter,0733
2026-06-27,Consolation,1940
2026-06-27,Consolation,4330
2026-06-27,Consolation,4937
2026-06-27,Consolation,8474
2026-06-27,Starter,6299
2026-06-27,Consolation,5950
2026-06-27,Consolation,7218
2026-06-27,Consolation,1713
2026-06-27,Consolation,1122
2026-06-27,Starter,1092
2026-06-27,Starter,6936
2026-06-27,3rd,2103
2026-06-27,Starter,9006
2026-06-27,Starter,7299
2026-06-27,Starter,6094
2026-06-27,Starter,4964
2026-06-27,Starter,3142
2026-06-27,Starter,9706
2026-06-27,Consolation,8149
2026-06-27,Starter,9310
2026-06-27,2nd,7885
2026-06-27,1st,5286
2026-06-27,Consolation,3972
2026-06-28,Consolation,0503
2026-06-28,Starter,7149
2026-06-28,Starter,9414
2026-06-28,Starter,9893
2026-06-28,Starter,0131
2026-06-28,Consolation,2562
2026-06-28,Consolation,5897
2026-06-28,Consolation,1948
2026-06-28,Consolation,1353
2026-06-28,Starter,4788
2026-06-28,Consolation,9763
2026-06-28,Starter,5473
2026-06-28,Starter,3915
2026-06-28,Starter,1203
2026-06-28,Starter,4867
2026-06-28,Consolation,1592
2026-06-28,Consolation,1638
2026-06-28,Consolation,1564
2026-06-28,Consolation,7971
2026-06-28,Starter,4718
2026-06-28,3rd,3531
2026-06-28,2nd,5604
2026-06-28,1st,1563
2026-07-01,2nd,6234
2026-07-01,3rd,9596
2026-07-01,Starter,4561
2026-07-01,Starter,9818
2026-07-01,Consolation,9386
2026-07-01,Starter,7902
2026-07-01,Starter,7638
2026-07-01,Starter,5664
2026-07-01,Starter,6543
2026-07-01,Starter,0927
2026-07-01,Consolation,9180
2026-07-01,Consolation,2534
2026-07-01,Starter,7680
2026-07-01,Starter,9796
2026-07-01,Consolation,1722
2026-07-01,Consolation,8506
2026-07-01,Consolation,0707
2026-07-01,Consolation,7927
2026-07-01,Consolation,4828
2026-07-01,Consolation,3674
2026-07-01,Starter,8886
2026-07-01,1st,6428
2026-07-01,Consolation,1242
2026-07-04,Consolation,1826
2026-07-04,Starter,3733
2026-07-04,Starter,2902
2026-07-04,Consolation,2013
2026-07-04,1st,4230
2026-07-04,Starter,2189
2026-07-04,Starter,3228
2026-07-04,Starter,3847
2026-07-04,Starter,3950
2026-07-04,Consolation,1464
2026-07-04,Consolation,9659
2026-07-04,Starter,0006
2026-07-04,Consolation,8303
2026-07-04,Starter,0607
2026-07-04,Consolation,4717
2026-07-04,Starter,0598
2026-07-04,Consolation,9167
2026-07-04,2nd,1610
2026-07-04,Starter,7643
2026-07-04,Consolation,6799
2026-07-04,Consolation,7071
2026-07-04,Consolation,7537
2026-07-04,3rd,2014
2026-07-05,Consolation,2868
2026-07-05,Starter,8516
2026-07-05,Consolation,1963
2026-07-05,Consolation,2573
2026-07-05,Starter,1752
2026-07-05,Consolation,4628
2026-07-05,Consolation,4924
2026-07-05,Starter,1155
2026-07-05,1st,0629
2026-07-05,Starter,5156
2026-07-05,Starter,9313
2026-07-05,Consolation,9707
2026-07-05,Consolation,3314
2026-07-05,Starter,4413
2026-07-05,Starter,8331
2026-07-05,Consolation,5926
2026-07-05,Starter,3787
2026-07-05,3rd,2094
2026-07-05,Starter,5225
2026-07-05,Starter,7513
2026-07-05,Consolation,5568
2026-07-05,2nd,0710
2026-07-05,Consolation,3710
2026-07-08,Consolation,1540
2026-07-08,2nd,3264
2026-07-08,1st,5701
2026-07-08,Consolation,4527
2026-07-08,3rd,8354
2026-07-08,Consolation,6035
2026-07-08,Starter,4906
2026-07-08,Starter,8968
2026-07-08,Starter,4805
2026-07-08,Starter,2669
2026-07-08,Starter,0381
2026-07-08,Starter,1616
2026-07-08,Starter,4849
2026-07-08,Starter,1268
2026-07-08,Starter,3921
2026-07-08,Consolation,0868
2026-07-08,Consolation,1272
2026-07-08,Consolation,5974
2026-07-08,Starter,6797
2026-07-08,Consolation,0028
2026-07-08,Consolation,3172
2026-07-08,Consolation,8300
2026-07-08,Consolation,8856
2026-07-11,3rd,0786
2026-07-11,Starter,9051
2026-07-11,Consolation,3561
2026-07-11,Consolation,0161
2026-07-11,Consolation,3292
2026-07-11,Consolation,3549
2026-07-11,Consolation,9856
2026-07-11,Consolation,4010
2026-07-11,Consolation,5147
2026-07-11,Starter,1263
2026-07-11,Consolation,9434
2026-07-11,Consolation,9924
2026-07-11,Starter,3910
2026-07-11,2nd,8387
2026-07-11,Starter,3623
2026-07-11,Starter,3610
2026-07-11,Starter,1942
2026-07-11,Starter,1491
2026-07-11,Consolation,0160
2026-07-11,Starter,0874
2026-07-11,Starter,4751
2026-07-11,Starter,5011
2026-07-11,1st,6452
2026-07-12,Starter,1621
2026-07-12,Consolation,3838
2026-07-12,Starter,1713
2026-07-12,Starter,5916
2026-07-12,Consolation,3835
2026-07-12,Starter,9356
2026-07-12,Starter,0637
2026-07-12,Consolation,8690
2026-07-12,Starter,9168
2026-07-12,Consolation,8462
2026-07-12,Consolation,0695
2026-07-12,3rd,6791
2026-07-12,Consolation,7476
2026-07-12,Consolation,9537
2026-07-12,Consolation,3241
2026-07-12,Consolation,2561
2026-07-12,1st,2329
2026-07-12,2nd,7120
2026-07-12,Starter,7971
2026-07-12,Starter,7652
2026-07-12,Consolation,2959
2026-07-12,Starter,6097
2026-07-12,Starter,6313
2026-07-15,Consolation,7932
2026-07-15,3rd,7004
2026-07-15,Starter,1943
2026-07-15,Starter,0909
2026-07-15,Starter,0950
2026-07-15,Starter,5762
2026-07-15,Starter,3915
2026-07-15,Starter,4241
2026-07-15,2nd,2897
2026-07-15,Consolation,2351
2026-07-15,Starter,3684
2026-07-15,Consolation,0137
2026-07-15,Consolation,2729
2026-07-15,Starter,0246
2026-07-15,Consolation,5237
2026-07-15,Consolation,5280
2026-07-15,Consolation,4591
2026-07-15,Consolation,2855
2026-07-15,Consolation,7090
2026-07-15,Consolation,6900
2026-07-15,Starter,0834
2026-07-15,1st,4087
2026-07-15,Starter,0595
2026-07-18,Consolation,1808
2026-07-18,Starter,7264
2026-07-18,Consolation,4730
2026-07-18,Consolation,0507
2026-07-18,Starter,5437
2026-07-18,Consolation,5454
2026-07-18,Consolation,4116
2026-07-18,Consolation,3930
2026-07-18,Starter,8319
2026-07-18,Starter,9811
2026-07-18,Consolation,2945
2026-07-18,Starter,9033
2026-07-18,Starter,6457
2026-07-18,Starter,5567
2026-07-18,Consolation,6861
2026-07-18,3rd,1965
2026-07-18,2nd,2993
2026-07-18,1st,9418
2026-07-18,Consolation,5896
2026-07-18,Consolation,6314
2026-07-18,Starter,1621
2026-07-18,Starter,1044
2026-07-18,Starter,0519
2026-07-19,Consolation,4958
2026-07-19,Consolation,4051
2026-07-19,Consolation,2609
2026-07-19,Consolation,0329
2026-07-19,2nd,3250
2026-07-19,Consolation,1810
2026-07-19,3rd,3008
2026-07-19,Starter,0596
2026-07-19,Consolation,1694
2026-07-19,Starter,1322
2026-07-19,Consolation,2350
2026-07-19,1st,0647
2026-07-19,Consolation,2353
2026-07-19,Starter,4393
2026-07-19,Starter,5376
2026-07-19,Starter,9738
2026-07-19,Starter,7102
2026-07-19,Consolation,0546
2026-07-19,Starter,8029
2026-07-19,Starter,8111
2026-07-19,Starter,8482
2026-07-19,Consolation,7608
2026-07-19,Starter,2515
2026-07-22,Starter,1364
2026-07-22,Starter,8595
2026-07-22,Starter,9097
2026-07-22,Starter,2546
2026-07-22,Consolation,1696
2026-07-22,Starter,2818
2026-07-22,Starter,2969
2026-07-22,Starter,4379
2026-07-22,Starter,5379
2026-07-22,Starter,7327
2026-07-22,Consolation,5984
2026-07-22,Consolation,3134
2026-07-22,Consolation,9376
2026-07-22,Consolation,1717
2026-07-22,Consolation,3296
2026-07-22,Consolation,8200
2026-07-22,Consolation,7488
2026-07-22,1st,9662
2026-07-22,Starter,2097
2026-07-22,Consolation,6141
2026-07-22,3rd,7544
2026-07-22,2nd,3225
2026-07-22,Consolation,3798
2026-07-25,Consolation,6948
2026-07-25,Consolation,3977
2026-07-25,Consolation,4522
2026-07-25,Consolation,6473
2026-07-25,Consolation,7116
2026-07-25,Consolation,8558
2026-07-25,Consolation,8590
2026-07-25,Consolation,8965
2026-07-25,Starter,7224
2026-07-25,Starter,1546
2026-07-25,Consolation,1077
2026-07-25,Starter,4760
2026-07-25,Starter,3106
2026-07-25,Starter,1980
2026-07-25,Starter,1794
2026-07-25,Starter,1612
2026-07-25,Starter,6538
2026-07-25,Starter,3647
2026-07-25,Starter,5762
2026-07-25,Consolation,0932
2026-07-25,3rd,3970
2026-07-25,2nd,4814
2026-07-25,1st,5131
2026-07-26,Consolation,0389
2026-07-26,Starter,3337
2026-07-26,Starter,9415
2026-07-26,Starter,5773
2026-07-26,3rd,4836
2026-07-26,2nd,2067
2026-07-26,Starter,6689
2026-07-26,Starter,9238
2026-07-26,Starter,9728
2026-07-26,Starter,9811
2026-07-26,Consolation,4567
2026-07-26,Starter,4883
2026-07-26,Consolation,3792
2026-07-26,Consolation,3769
2026-07-26,Consolation,9627
2026-07-26,Consolation,2220
2026-07-26,1st,6431
2026-07-26,Consolation,5597
2026-07-26,Starter,6170
2026-07-26,Consolation,1136
2026-07-26,Consolation,0766
2026-07-26,Starter,4586
2026-07-26,Consolation,2636
2026-07-29,Consolation,2960
2026-07-29,Consolation,0089
2026-07-29,Consolation,3831
2026-07-29,Consolation,8346
2026-07-29,Starter,4038
2026-07-29,Starter,4799
2026-07-29,Starter,6846
2026-07-29,Starter,8758
2026-07-29,Starter,5033
2026-07-29,Starter,1237
2026-07-29,Consolation,7624
2026-07-29,Consolation,7554
2026-07-29,Starter,4074
2026-07-29,Starter,2643
2026-07-29,3rd,0173
2026-07-29,Starter,1382
2026-07-29,Starter,1591
2026-07-29,2nd,1641
2026-07-29,Consolation,5645
2026-07-29,Consolation,9512
2026-07-29,Consolation,3596
2026-07-29,Consolation,1350
2026-07-29,1st,8813
2026-08-01,Starter,9040
2026-08-01,Starter,3167
2026-08-01,Starter,5565
2026-08-01,Starter,7502
2026-08-01,Consolation,5810
2026-08-01,Consolation,0267
2026-08-01,Consolation,9562
2026-08-01,Consolation,8632
2026-08-01,Consolation,8001
2026-08-01,Starter,2182
2026-08-01,Consolation,6750
2026-08-01,Starter,2596
2026-08-01,Consolation,4108
2026-08-01,Consolation,1692
2026-08-01,Starter,5843
2026-08-01,Starter,2869
2026-08-01,Consolation,8675
2026-08-01,Consolation,9955
2026-08-01,Starter,6308
2026-08-01,3rd,0631
2026-08-01,2nd,0462
2026-08-01,1st,5964
2026-08-01,Starter,5739
2026-08-02,Consolation,4025
2026-08-02,Consolation,2571
2026-08-02,Consolation,2908
2026-08-02,Consolation,1071
2026-08-02,Starter,6367
2026-08-02,Starter,9857
2026-08-02,Starter,8955
2026-08-02,Starter,8842
2026-08-02,Starter,6347
2026-08-02,Consolation,1448
2026-08-02,Consolation,0179
2026-08-02,Consolation,7278
2026-08-02,Consolation,0962
2026-08-02,Consolation,1823
2026-08-02,1st,3052
2026-08-02,Starter,2875
2026-08-02,3rd,2268
2026-08-02,Starter,0051
2026-08-02,Starter,5068
2026-08-02,Starter,7934
2026-08-02,Consolation,5864
2026-08-02,Starter,0766
2026-08-02,2nd,7038
2026-08-05,Consolation,4685
2026-08-05,Consolation,9530
2026-08-05,Consolation,8292
2026-08-05,Consolation,7673
2026-08-05,Starter,8903
2026-08-05,Consolation,7535
2026-08-05,Consolation,1833
2026-08-05,Consolation,6299
2026-08-05,Starter,4305
2026-08-05,Starter,9807
2026-08-05,Starter,6717
2026-08-05,Consolation,4070
2026-08-05,2nd,0901
2026-08-05,Consolation,8766
2026-08-05,Starter,9201
2026-08-05,Starter,6786
2026-08-05,1st,0715
2026-08-05,Starter,3317
2026-08-05,3rd,5730
2026-08-05,Starter,5910
2026-08-05,Starter,4188
2026-08-05,Starter,2093
2026-08-05,Consolation,7943
2026-08-08,Consolation,6338
2026-08-08,Consolation,6892
2026-08-08,Consolation,4710
2026-08-08,Consolation,1138
2026-08-08,Consolation,2834
2026-08-08,Consolation,0221
2026-08-08,Consolation,1747
2026-08-08,Consolation,7406
2026-08-08,Consolation,5280
2026-08-08,Consolation,5849
2026-08-08,Starter,0427
2026-08-08,Starter,9146
2026-08-08,3rd,6050
2026-08-08,Starter,0164
2026-08-08,1st,5102
2026-08-08,Starter,4097
2026-08-08,Starter,4259
2026-08-08,Starter,5284
2026-08-08,Starter,7399
2026-08-08,Starter,6139
2026-08-08,2nd,1128
2026-08-08,Starter,7584
2026-08-08,Starter,3437
2026-08-09,Consolation,3223
2026-08-09,Starter,5711
2026-08-09,Consolation,5245
2026-08-09,Consolation,9646
2026-08-09,Starter,3561
2026-08-09,Consolation,7935
2026-08-09,Consolation,8023
2026-08-09,Consolation,8788
2026-08-09,Consolation,8977
2026-08-09,Starter,1048
2026-08-09,2nd,7072
2026-08-09,Starter,8484
2026-08-09,Consolation,0740
2026-08-09,Starter,3477
2026-08-09,Starter,8670
2026-08-09,Starter,6471
2026-08-09,Starter,2003
2026-08-09,Consolation,6992
2026-08-09,Starter,0827
2026-08-09,Starter,7098
2026-08-09,1st,7137
2026-08-09,3rd,7256
2026-08-09,Consolation,3245
2026-08-12,Consolation,0942
2026-08-12,Consolation,5825
2026-08-12,Consolation,2482
2026-08-12,Consolation,4395
2026-08-12,Consolation,1035
2026-08-12,Starter,7305
2026-08-12,Consolation,4643
2026-08-12,Starter,4702
2026-08-12,Starter,0640
2026-08-12,Starter,0047
2026-08-12,Starter,0498
2026-08-12,Starter,2487
2026-08-12,Starter,0832
2026-08-12,Starter,1505
2026-08-12,Consolation,7456
2026-08-12,Starter,6103
2026-08-12,Consolation,1161
2026-08-12,Consolation,5261
2026-08-12,3rd,6546
2026-08-12,Consolation,3845
2026-08-12,1st,2375
2026-08-12,2nd,2490
2026-08-12,Starter,6804
2026-08-15,Starter,8842
2026-08-15,Consolation,6709
2026-08-15,1st,6714
2026-08-15,2nd,5661
2026-08-15,3rd,9919
2026-08-15,Consolation,5518
2026-08-15,Consolation,2673
2026-08-15,Consolation,4163
2026-08-15,Consolation,8287
2026-08-15,Starter,8239
2026-08-15,Consolation,4101
2026-08-15,Consolation,7996
2026-08-15,Starter,0996
2026-08-15,Consolation,0022
2026-08-15,Consolation,7848
2026-08-15,Starter,0030
2026-08-15,Starter,9748
2026-08-15,Starter,0608
2026-08-15,Starter,9898
2026-08-15,Starter,5127
2026-08-15,Consolation,1471
2026-08-15,Starter,5099
2026-08-15,Starter,9593
2026-08-16,Starter,6532
2026-08-16,Consolation,9696
2026-08-16,Starter,1425
2026-08-16,Consolation,7405
2026-08-16,Starter,0379
2026-08-16,3rd,9521
2026-08-16,2nd,9898
2026-08-16,1st,6149
2026-08-16,Starter,7379
2026-08-16,Starter,0427
2026-08-16,Consolation,7532
2026-08-16,Starter,6187
2026-08-16,Starter,7941
2026-08-16,Starter,1151
2026-08-16,Consolation,5489
2026-08-16,Consolation,0580
2026-08-16,Consolation,9697
2026-08-16,Starter,6963
2026-08-16,Consolation,1452
2026-08-16,Consolation,5403
2026-08-16,Consolation,4451
2026-08-16,Starter,2809
2026-08-16,Consolation,6376
2026-08-19,Starter,4500
2026-08-19,Starter,1292
2026-08-19,Consolation,9563
2026-08-19,3rd,2761
2026-08-19,2nd,1440
2026-08-19,Starter,7679
2026-08-19,1st,4478
2026-08-19,Starter,1203
2026-08-19,Starter,6237
2026-08-19,Consolation,9796
2026-08-19,Starter,4475
2026-08-19,Consolation,0909
2026-08-19,Starter,4786
2026-08-19,Starter,4195
2026-08-19,Consolation,8127
2026-08-19,Starter,8181
2026-08-19,Starter,9297
2026-08-19,Consolation,1115
2026-08-19,Consolation,1323
2026-08-19,Consolation,0940
2026-08-19,Consolation,8485
2026-08-19,Consolation,9267
2026-08-19,Consolation,7670
2026-08-22,Starter,4933
2026-08-22,Consolation,6924
2026-08-22,Consolation,0378
2026-08-22,Starter,1598
2026-08-22,2nd,4915
2026-08-22,Starter,5330
2026-08-22,Starter,2876
2026-08-22,1st,3001
2026-08-22,Starter,2451
2026-08-22,Starter,2038
2026-08-22,3rd,3711
2026-08-22,Consolation,8846
2026-08-22,Starter,8213
2026-08-22,Starter,7936
2026-08-22,Consolation,8003
2026-08-22,Consolation,2603
2026-08-22,Consolation,2443
2026-08-22,Starter,9054
2026-08-22,Consolation,4222
2026-08-22,Consolation,0369
2026-08-22,Consolation,7922
2026-08-22,Starter,0226
2026-08-22,Consolation,5636
2026-08-23,1st,9675
2026-08-23,3rd,6753
2026-08-23,2nd,0618
2026-08-23,Consolation,5627
2026-08-23,Consolation,2236
2026-08-23,Consolation,3225
2026-08-23,Consolation,9579
2026-08-23,Consolation,7317
2026-08-23,Consolation,7007
2026-08-23,Consolation,4527
2026-08-23,Starter,8603
2026-08-23,Consolation,3413
2026-08-23,Starter,4384
2026-08-23,Consolation,1967
2026-08-23,Starter,0502
2026-08-23,Starter,0901
2026-08-23,Starter,2969
2026-08-23,Consolation,6266
2026-08-23,Starter,5973
2026-08-23,Starter,6157
2026-08-23,Starter,7562
2026-08-23,Starter,7890
2026-08-23,Starter,8884
2026-08-26,Consolation,6114
2026-08-26,Consolation,4765
2026-08-26,Consolation,4022
2026-08-26,Consolation,2929
2026-08-26,3rd,8947
2026-08-26,2nd,2169
2026-08-26,1st,1564
2026-08-26,Starter,7988
2026-08-26,Starter,5552
2026-08-26,Consolation,6581
2026-08-26,Consolation,2039
2026-08-26,Consolation,1445
2026-08-26,Starter,9178
2026-08-26,Starter,7639
2026-08-26,Starter,7357
2026-08-26,Starter,6607
2026-08-26,Starter,3480
2026-08-26,Starter,2588
2026-08-26,Starter,9933
2026-08-26,Consolation,1195
2026-08-26,Starter,2412
2026-08-26,Consolation,7490
2026-08-26,Consolation,6303
2026-08-29,2nd,4694
2026-08-29,Starter,3230
2026-08-29,Starter,6453
2026-08-29,Starter,0277
2026-08-29,Starter,0640
2026-08-29,Consolation,7014
2026-08-29,Starter,7755
2026-08-29,Consolation,1343
2026-08-29,Consolation,7136
2026-08-29,1st,0363
2026-08-29,Consolation,1024
2026-08-29,3rd,2691
2026-08-29,Consolation,9537
2026-08-29,Starter,6512
2026-08-29,Consolation,9483
2026-08-29,Consolation,7480
2026-08-29,Consolation,9679
2026-08-29,Starter,7302
2026-08-29,Consolation,2957
2026-08-29,Starter,0583
2026-08-29,Starter,0457
2026-08-29,Starter,3223
2026-08-29,Consolation,6639
2026-08-30,1st,9238
2026-08-30,2nd,8594
2026-08-30,3rd,0379
2026-08-30,Consolation,9868
2026-08-30,Starter,3412
2026-08-30,Consolation,8849
2026-08-30,Consolation,6756
2026-08-30,Consolation,5505
2026-08-30,Consolation,4656
2026-08-30,Consolation,4510
2026-08-30,Consolation,0733
2026-08-30,Starter,1482
2026-08-30,Starter,8578
2026-08-30,Starter,7241
2026-08-30,Starter,7627
2026-08-30,Starter,6622
2026-08-30,Starter,6214
2026-08-30,Consolation,2203
2026-08-30,Consolation,0608
2026-08-30,Starter,2854
2026-08-30,Starter,1739
2026-08-30,Consolation,9828
2026-08-30,Starter,4808
2026-09-02,Consolation,7999
2026-09-02,Consolation,8043
2026-09-02,3rd,3798
2026-09-02,2nd,8603
2026-09-02,Starter,0253
2026-09-02,Consolation,1119
2026-09-02,Consolation,3761
2026-09-02,Consolation,9283
2026-09-02,Consolation,6934
2026-09-02,Consolation,7885
2026-09-02,1st,4125
2026-09-02,Consolation,0616
2026-09-02,Starter,2362
2026-09-02,Starter,3983
2026-09-02,Starter,3997
2026-09-02,Starter,1967
2026-09-02,Starter,2104
2026-09-02,Starter,2182
2026-09-02,Consolation,4997
2026-09-02,Starter,2809
2026-09-02,Starter,3598
2026-09-02,Consolation,6485
2026-09-02,Starter,1002
2026-09-05,Consolation,8256
2026-09-05,Consolation,6653
2026-09-05,1st,9248
2026-09-05,2nd,2243
2026-09-05,Starter,9482
2026-09-05,Consolation,2666
2026-09-05,Consolation,4725
2026-09-05,Consolation,9983
2026-09-05,Consolation,8408
2026-09-05,Starter,1597
2026-09-05,Starter,3662
2026-09-05,Consolation,3710
2026-09-05,3rd,5264
2026-09-05,Starter,4175
2026-09-05,Starter,2145
2026-09-05,Consolation,0313
2026-09-05,Starter,5624
2026-09-05,Consolation,1852
2026-09-05,Starter,1451
2026-09-05,Starter,1328
2026-09-05,Starter,6707
2026-09-05,Starter,5374
2026-09-05,Consolation,4174
2026-09-06,Starter,9525
2026-09-06,Starter,9427
2026-09-06,Starter,8832
2026-09-06,Consolation,9103
2026-09-06,Starter,0833
2026-09-06,Starter,0425
2026-09-06,Starter,4919
2026-09-06,Starter,2312
2026-09-06,Consolation,0090
2026-09-06,Consolation,1122
2026-09-06,Starter,3871
2026-09-06,Consolation,1614
2026-09-06,Starter,0760
2026-09-06,Consolation,2695
2026-09-06,1st,8579
2026-09-06,2nd,1090
2026-09-06,3rd,0703
2026-09-06,Starter,1774
2026-09-06,Consolation,0574
2026-09-06,Consolation,6758
2026-09-06,Consolation,7969
2026-09-06,Consolation,3140
2026-09-06,Consolation,8660
2026-09-09,1st,1853
2026-09-09,2nd,0075
2026-09-09,3rd,4270
2026-09-09,Consolation,1421
2026-09-09,Consolation,4964
2026-09-09,Consolation,9655
2026-09-09,Consolation,2584
2026-09-09,Consolation,3642
2026-09-09,Consolation,0929
2026-09-09,Consolation,9240
2026-09-09,Starter,0644
2026-09-09,Starter,5600
2026-09-09,Starter,3960
2026-09-09,Consolation,7862
2026-09-09,Starter,9031
2026-09-09,Starter,4317
2026-09-09,Starter,3129
2026-09-09,Starter,6236
2026-09-09,Starter,3108
2026-09-09,Consolation,0699
2026-09-09,Starter,6583
2026-09-09,Starter,7959
2026-09-09,Consolation,1624
2026-09-12,Starter,9600
2026-09-12,Starter,1487
2026-09-12,Starter,2871
2026-09-12,Consolation,9094
2026-09-12,2nd,2469
2026-09-12,3rd,6782
2026-09-12,1st,2710
2026-09-12,Consolation,3320
2026-09-12,Starter,4960
2026-09-12,Starter,9181
2026-09-12,Starter,7884
2026-09-12,Starter,5999
2026-09-12,Starter,6687
2026-09-12,Consolation,0194
2026-09-12,Consolation,3425
2026-09-12,Consolation,4425
2026-09-12,Consolation,6367
2026-09-12,Consolation,7074
2026-09-12,Starter,0694
2026-09-12,Consolation,9982
2026-09-12,Starter,9532
2026-09-12,Consolation,1585
2026-09-12,Consolation,6577
2026-09-13,Starter,1368
2026-09-13,Starter,1673
2026-09-13,Starter,1427
2026-09-13,Starter,1383
2026-09-13,Starter,5808
2026-09-13,Consolation,6568
2026-09-13,3rd,8077
2026-09-13,2nd,3057
2026-09-13,1st,9400
2026-09-13,Starter,2572
2026-09-13,Consolation,1589
2026-09-13,Consolation,9777
2026-09-13,Consolation,2012
2026-09-13,Starter,7003
2026-09-13,Consolation,7139
2026-09-13,Consolation,0235
2026-09-13,Consolation,0879
2026-09-13,Starter,4363
2026-09-13,Consolation,4671
2026-09-13,Starter,4609
2026-09-13,Starter,8861
2026-09-13,Consolation,6220
2026-09-13,Consolation,4932
2026-09-16,2nd,1136
2026-09-16,3rd,8473
2026-09-16,Consolation,7410
2026-09-16,Consolation,8951
2026-09-16,Starter,0660
2026-09-16,1st,9224
2026-09-16,Consolation,7633
2026-09-16,Consolation,7318
2026-09-16,Consolation,6791
2026-09-16,Starter,6781
2026-09-16,Starter,6060
2026-09-16,Consolation,9710
2026-09-16,Consolation,9241
2026-09-16,Consolation,4848
2026-09-16,Starter,0019
2026-09-16,Starter,0828
2026-09-16,Consolation,5137
2026-09-16,Starter,4765
2026-09-16,Starter,4681
2026-09-16,Starter,2713
2026-09-16,Starter,8236
2026-09-16,Consolation,2356
2026-09-16,Starter,6475
2026-09-19,Starter,6602
2026-09-19,3rd,2114
2026-09-19,2nd,3068
2026-09-19,1st,0921
2026-09-19,Starter,3071
2026-09-19,Starter,3364
2026-09-19,Starter,1665
2026-09-19,Starter,4698
2026-09-19,Starter,6211
2026-09-19,Starter,6557
2026-09-19,Starter,0151
2026-09-19,Starter,7527
2026-09-19,Consolation,0973
2026-09-19,Consolation,2766
2026-09-19,Consolation,3221
2026-09-19,Consolation,3890
2026-09-19,Consolation,7531
2026-09-19,Consolation,7235
2026-09-19,Consolation,7913
2026-09-19,Consolation,4833
2026-09-19,Consolation,4749
2026-09-19,Consolation,5331
2026-09-19,Starter,7072
2026-09-20,Consolation,0714
2026-09-20,Consolation,3415
2026-09-20,Starter,4105
2026-09-20,Starter,3151
2026-09-20,Starter,1751
2026-09-20,3rd,6307
2026-09-20,2nd,9248
2026-09-20,Starter,8939
2026-09-20,Starter,0437
2026-09-20,Starter,9107
2026-09-20,Consolation,7426
2026-09-20,Consolation,3093
2026-09-20,Starter,5367
2026-09-20,Starter,7261
2026-09-20,1st,9622
2026-09-20,Starter,4679
2026-09-20,Consolation,7892
2026-09-20,Consolation,3323
2026-09-20,Consolation,2411
2026-09-20,Consolation,1338
2026-09-20,Consolation,1197
2026-09-20,Starter,9493
2026-09-20,Consolation,2420
2026-09-23,Starter,5787
2026-09-23,Starter,6895
2026-09-23,Starter,0527
2026-09-23,Starter,6406
2026-09-23,Consolation,2699
2026-09-23,Starter,7583
2026-09-23,Consolation,1275
2026-09-23,Consolation,2244
2026-09-23,1st,5272
2026-09-23,2nd,4898
2026-09-23,3rd,7574
2026-09-23,Starter,1590
2026-09-23,Consolation,5487
2026-09-23,Consolation,5943
2026-09-23,Consolation,6864
2026-09-23,Consolation,0659
2026-09-23,Starter,3771
2026-09-23,Consolation,0204
2026-09-23,Starter,6875
2026-09-23,Starter,9875
2026-09-23,Consolation,9423
2026-09-23,Starter,0502
2026-09-23,Consolation,7153
2026-09-26,Starter,2736
2026-09-26,Consolation,9253
2026-09-26,Starter,2477
2026-09-26,Consolation,6224
2026-09-26,Starter,3127
2026-09-26,Starter,6743
2026-09-26,Starter,6142
2026-09-26,Starter,1993
2026-09-26,Consolation,6018
2026-09-26,Consolation,0194
2026-09-26,Starter,7348
2026-09-26,3rd,8454
2026-09-26,2nd,4403
2026-09-26,1st,6999
2026-09-26,Consolation,1644
2026-09-26,Consolation,3369
2026-09-26,Consolation,5447
2026-09-26,Consolation,5587
2026-09-26,Consolation,5787
2026-09-26,Starter,7336
2026-09-26,Starter,2860
2026-09-26,Consolation,1324
2026-09-26,Starter,3118
2026-09-27,Starter,7058
2026-09-27,Starter,4272
2026-09-27,Starter,6682
2026-09-27,Starter,6968
2026-09-27,Consolation,2173
2026-09-27,2nd,0860
2026-09-27,Consolation,6730
2026-09-27,Consolation,6602
2026-09-27,Consolation,3348
2026-09-27,Consolation,9784
2026-09-27,Starter,6478
2026-09-27,1st,8791
2026-09-27,Consolation,4881
2026-09-27,3rd,1578
2026-09-27,Starter,7287
2026-09-27,Starter,3389
2026-09-27,Consolation,1962
2026-09-27,Consolation,6559
2026-09-27,Starter,1306
2026-09-27,Consolation,0917
2026-09-27,Consolation,5015
2026-09-27,Starter,3608
2026-09-27,Starter,4146
2026-09-30,Consolation,4575
2026-09-30,Consolation,9065
2026-09-30,Starter,1069
2026-09-30,Consolation,7721
2026-09-30,2nd,5923
2026-09-30,Consolation,0229
2026-09-30,3rd,8242
2026-09-30,1st,3096
2026-09-30,Consolation,6458
2026-09-30,Starter,0883
2026-09-30,Starter,8875
2026-09-30,Starter,8314
2026-09-30,Starter,9328
2026-09-30,Starter,4194
2026-09-30,Starter,9904
2026-09-30,Consolation,0602
2026-09-30,Consolation,0284
2026-09-30,Starter,4226
2026-09-30,Consolation,6002
2026-09-30,Consolation,2909
2026-09-30,Starter,3791
2026-09-30,Starter,9003
2026-09-30,Consolation,0442
